<?xml version="1.0" encoding="utf-8" standalone="no"?>
<dublin_core schema="dc">
  <dcvalue element="creator" qualifier="none" language="en">Anderson, K. D.</dcvalue>
  <dcvalue element="identifier" qualifier="none" language="en">http://dx.doi.org/10.1076/sesi.15.1.97.27489</dcvalue>
  <dcvalue element="identifier" qualifier="uri">http://etcdev.hil.unb.ca:8080/xmlui/handle/123456789/678</dcvalue>
  <dcvalue element="description" qualifier="abstract" language="en">As part of a comprehensive qualitative study of 6 schools noted for teacher leadership 28 respondents were interviewed. It was noted that teacher leadership often involved the mutual influence between teacher leaders and principals. These influences are discussed from the perspectives of each of the 6 schools and respondent status as teacher leader, teacher nominator, and administrator. Further to these influences, the data suggest relationships between teachers, teacher leaders, and principals, in these schools, which are reflective of 3 models of &quot;leadership reciprocity&quot; based on unique features found to be typical of these schools.</dcvalue>
  <dcvalue element="language" qualifier="none" language="en"></dcvalue>
  <dcvalue element="publisher" qualifier="none" language="en">Taylor &amp; Francis</dcvalue>
  <dcvalue element="source" qualifier="none" language="en">School Effectiveness and School Improvement</dcvalue>
  <dcvalue element="title" qualifier="none" language="en">The Nature of Teacher Leadership in Schools as Reciprocal Influences Between Teacher Leaders and Principals</dcvalue>
  <dcvalue element="type" qualifier="none" language="en">Journal Article</dcvalue>
  <dcvalue element="date" qualifier="issued">2004</dcvalue>
</dublin_core>
