<reference>
        <rt>Journal Article</rt>
        <sr> Electronic(1)</sr>
        <id/>
        <a1>Anderson, K. D.</a1>
        <t1>The Nature of Teacher Leadership in Schools as Reciprocal Influences Between Teacher Leaders and Principals</t1>
        <jf>School Effectiveness and School Improvement</jf>
        <yr>2004</yr>
        <vo>15</vo>
        <is>1</is>
        <sp>97</sp>
        <op>113</op>
        <no/>
        <ab>As part of a comprehensive qualitative study of 6 schools noted for teacher leadership 28 respondents were interviewed. It was noted that teacher leadership often involved the mutual influence between teacher leaders and principals. These influences are discussed from the perspectives of each of the 6 schools and respondent status as teacher leader, teacher nominator, and administrator. Further to these influences, the data suggest relationships between teachers, teacher leaders, and principals, in these schools, which are reflective of 3 models of "leadership reciprocity" based on unique features found to be typical of these schools.</ab>
        <pb>Taylor &amp; Francis</pb>
        <sn>0924-3453</sn>
        <la>English</la>
        <do>10.1076/sesi.15.1.97.27489</do>
        <lk>http://dx.doi.org/10.1076/sesi.15.1.97.27489</lk>
        <ds/>
        <ol/>
    </reference>