<?xml version="1.0" encoding="utf-8" standalone="no"?>
<dublin_core schema="dc">
  <dcvalue element="contributor" qualifier="author" language="en">O'Donnell,S.</dcvalue>
  <dcvalue element="contributor" qualifier="author" language="en">MacIntosh,J.</dcvalue>
  <dcvalue element="contributor" qualifier="author" language="en">Wuest,J.</dcvalue>
  <dcvalue element="identifier" qualifier="issn" language="en">1049-7323</dcvalue>
  <dcvalue element="identifier" qualifier="uri">http://etcdev.hil.unb.ca:8080/xmlui/handle/123456789/919</dcvalue>
  <dcvalue element="description" qualifier="abstract" language="en">Historically, we have assumed that workplaces, where employed individuals spend approximately one third of their days, provide safe and supportive environments and opportunities to enhance women&amp;#39;s capacities. Unfortunately, workplace bullying and consequent sickness absence are prevalent and costly realities that significantly influence women&amp;#39;s health. In this study, sickness absence among 18 Canadian women who were targets of workplace bullying was explored using a grounded theory secondary analysis. Findings show that although sickness absence is critical in attenuating the health consequences of being bullied, it is a partial solution because rehabilitation and successful return to work is challenged when working conditions remain unchanged. This problem is addressed using is a three-stage process of discerning a path that involves gaining space, making sense, and moving forward. Organizational support is critical to all stages of the process; it can reduce the risk of declines in health and sickness absence, and is essential for successful return to work.</dcvalue>
  <dcvalue element="relation" qualifier="ispartof" language="en">Qualitative health research</dcvalue>
  <dcvalue element="relation" qualifier="ispartof" language="en">Qual.Health Res.</dcvalue>
  <dcvalue element="title" qualifier="none" language="en">A Theoretical Understanding of Sickness Absence Among Women Who Have Experienced Workplace Bullying</dcvalue>
  <dcvalue element="type" qualifier="none" language="en">Journal Article</dcvalue>
  <dcvalue element="identifier" qualifier="doi" language="en">10.1177/1049732310361242 ER</dcvalue>
  <dcvalue element="date" qualifier="issued">2010</dcvalue>
</dublin_core>
