<reference>
<rt>Journal Article</rt>
<sr> Electronic(1)</sr>
<id>50</id>
<a1>O'Donnell,S.</a1>
<a1>MacIntosh,J.</a1>
<a1>Wuest,J.</a1>
<t1>A Theoretical Understanding of Sickness Absence Among Women Who Have Experienced Workplace Bullying</t1>
<jf>Qualitative health research</jf>
<jo>Qual.Health Res.</jo>
<yr>2010</yr>
<vo>20</vo>
<is>4</is>
<sp>439</sp>
<op>452</op>
<ab>Historically, we have assumed that workplaces, where employed individuals spend approximately one third of their days, provide safe and supportive environments and opportunities to enhance women&amp;#39;s capacities. Unfortunately, workplace bullying and consequent sickness absence are prevalent and costly realities that significantly influence women&amp;#39;s health. In this study, sickness absence among 18 Canadian women who were targets of workplace bullying was explored using a grounded theory secondary analysis. Findings show that although sickness absence is critical in attenuating the health consequences of being bullied, it is a partial solution because rehabilitation and successful return to work is challenged when working conditions remain unchanged. This problem is addressed using is a three-stage process of discerning a path that involves gaining space, making sense, and moving forward. Organizational support is critical to all stages of the process; it can reduce the risk of declines in health and sickness absence, and is essential for successful return to work.</ab>
<no>PT: J; TC: 1; UT: WOS:000275444400001</no>
<sn>1049-7323</sn>
<do>10.1177/1049732310361242 ER</do>
<ol>Unknown(0)</ol></reference>