<reference>
<rt>Journal Article</rt>
<sr> Electronic(1)</sr>
<id>55</id>
<a1>Ford-Gilboe,M.</a1>
<a1>Wuest,J.</a1>
<a1>Varcoe,C.</a1>
<a1>Davies,L.</a1>
<a1>Merritt-Gray,M.</a1>
<a1>Campbell,J.</a1>
<a1>Wilk,P.</a1>
<t1>Modelling the effects of intimate partner violence and access to resources on women&amp;#39;s health in the early years after leaving an abusive partner</t1>
<jf>Social science &amp; medicine</jf>
<jo>Soc.Sci.Med.</jo>
<yr>2009</yr>
<vo>68</vo>
<is>6</is>
<sp>1021</sp>
<op>1029</op>
<ab>Although the negative health effects of intimate partner violence (IPV) are well documented, little is known about the mechanisms or determinants of health outcomes for women who had left their abusive partners. Using data collected from a community sample of 309 Canadian women who left an abusive partner, we examined whether women&amp;#39;s personal, social and economic resources mediate the relationships between the severity of past IPV and current health using structural equation modelling. A good fit was found between the model and data for hypothesized models of mental and physical health. In the mental health model, both the direct and total indirect effects of IPV were significant. In the physical health model, the direct effect of IPV on physical health was about four times as large as the total indirect effects. In both models, more severe past IPV was associated with lower health and women&amp;#39;s personal, social, and economic resources, when combined, mediated the relationship between IPV and health. These findings demonstrate that the health outcomes of IPV for women who have left an abusive partner must be understood in context of women&amp;#39;s resources. (C) 2009 Elsevier Ltd. All rights reserved.</ab>
<no>PT: J; TC: 7; UT: WOS:000265003400006</no>
<sn>0277-9536</sn>
<do>10.1016/j.socscimed.2009.01.003 ER</do>
<ol>Unknown(0)</ol></reference>