<?xml version="1.0" encoding="ISO-8859-1" ?>
<!DOCTYPE romeoapi SYSTEM "http://www.sherpa.ac.uk/romeo/romeoapi24.dtd">
<romeoapi version="2.4.2">
  <header>
    <parameters>
      <parameter source="specified">
        <parametername>issn</parametername>
        <parametervalue>0277-9536</parametervalue>
      </parameter>
      <parameter source="default">
        <parametername>showfunder</parametername>
        <parametervalue>none</parametervalue>
      </parameter>
      <parameter source="default">
        <parametername>fIDnum</parametername>
        <parametervalue>|</parametervalue>
      </parameter>
    </parameters>
    <numhits>2</numhits>
    <apicontrol>journal</apicontrol>
    <outcome>uniqueZetoc</outcome>
    <message />
    <licence>SHERPA/RoMEO data is available for re-use under a Creative Commons Attribution-Non-Commercial-Share Alike 2.5 licence. For more details, please see the 'conditions for re-use' at the &lt;licenceurl /&gt;, and linked-to from the SHERPA/RoMEO home page.</licence>
    <licenceurl>http://www.sherpa.ac.uk/romeoreuse.html</licenceurl>
    <disclaimer>All SHERPA/RoMEO information is correct to the best of our knowledge but should not be relied upon for legal advice. SHERPA cannot be held responsible for the re-use of RoMEO data, or for alternative interpretations which are derived from this information.</disclaimer>
    <timestamp>24-Jan-2011:19:46:26</timestamp>
  </header>
  <journals>
    <journal>
      <jtitle>Social Science and Medicine</jtitle>
      <issn>0277-9536</issn>
      <zetocpub>Elsevier Science B.V., Amsterdam.</zetocpub>
      <romeopub>Elsevier</romeopub>
    </journal>
  </journals>
  <publishers>
    <publisher id="30">
      <name>Elsevier</name>
      <alias />
      <homeurl>http://www.elsevier.com/</homeurl>
      <preprints>
        <prearchiving>restricted</prearchiving>
        <prerestrictions>
          <prerestriction>This does not include Cell Press</prerestriction>
        </prerestrictions>
      </preprints>
      <postprints>
        <postarchiving>can</postarchiving>
        <postrestrictions />
      </postprints>
      <conditions>
        <condition>On authors personal or authors institutions website or server</condition>
        <condition>Self-archiving of author manuscripts into a subject based repository (e.g. PMC, UKPMC) is prohibited</condition>
        <condition>Published source must be acknowledged</condition>
        <condition>Must link to journal home page or articles' DOI</condition>
        <condition>Publisher's version/PDF cannot be used</condition>
        <condition>Articles in some journals can be made Open Access on payment of additional charge</condition>
        <condition>NIH Authors articles will be submitted to PMC after 12 months</condition>
        <condition>Authors who are required to deposit in subject repositories should use Sponsorship Option - See note below about NIH authors</condition>
      </conditions>
      <mandates />
      <paidaccess>
        <paidaccessurl>http://www.elsevier.com/wps/find/authorsview.authors/fundingbodyagreements</paidaccessurl>
        <paidaccessname>Sponsorship Option</paidaccessname>
        <paidaccessnotes />
      </paidaccess>
      <copyrightlinks>
        <copyrightlink>
          <copyrightlinktext>Copyright Policy</copyrightlinktext>
          <copyrightlinkurl>http://www.elsevier.com/wps/find/authorsview.authors/copyright</copyrightlinkurl>
        </copyrightlink>
        <copyrightlink>
          <copyrightlinktext>Funding Body Agreements</copyrightlinktext>
          <copyrightlinkurl>http://www.elsevier.com/wps/find/authorsview.authors/fundingbodyagreements</copyrightlinkurl>
        </copyrightlink>
      </copyrightlinks>
      <romeocolour>green</romeocolour>
      <dateadded>2004-01-10 00:00:00</dateadded>
      <dateupdated>2011-01-21 09:33:06</dateupdated>
    </publisher>
    <publisher id="131">
      <name>Elsevier</name>
      <alias>Cell Press</alias>
      <homeurl>http://www.cell.com/cellpress</homeurl>
      <preprints>
        <prearchiving>cannot</prearchiving>
        <prerestrictions />
      </preprints>
      <postprints>
        <postarchiving>can</postarchiving>
        <postrestrictions />
      </postprints>
      <conditions>
        <condition>On authors personal or authors institutions server</condition>
        <condition>Published source must be acknowledged</condition>
        <condition>Must link to journal home page</condition>
        <condition>Publisher's version/PDF cannot be used</condition>
      </conditions>
      <mandates />
      <paidaccess>
        <paidaccessurl>http://www.elsevier.com/wps/find/authorsview.authors/fundingbodyagreements</paidaccessurl>
        <paidaccessname>Sponsorship Option</paidaccessname>
        <paidaccessnotes />
      </paidaccess>
      <copyrightlinks>
        <copyrightlink>
          <copyrightlinktext>Policy</copyrightlinktext>
          <copyrightlinkurl>http://www.cell.com/authors</copyrightlinkurl>
        </copyrightlink>
      </copyrightlinks>
      <romeocolour>blue</romeocolour>
      <dateadded>2005-12-03 00:00:00</dateadded>
      <dateupdated>2009-04-01 13:35:25</dateupdated>
    </publisher>
  </publishers>
</romeoapi>
