<?xml version="1.0" encoding="utf-8" standalone="no"?>
<dublin_core schema="dc">
  <dcvalue element="contributor" qualifier="author" language="en">Wuest,J.</dcvalue>
  <dcvalue element="identifier" qualifier="issn" language="en">03092402</dcvalue>
  <dcvalue element="identifier" qualifier="uri">http://etcdev.hil.unb.ca:8080/xmlui/handle/123456789/923</dcvalue>
  <dcvalue element="description" qualifier="abstract" language="en">Current health care reform is resulting in increasing demands on women to care for others. Little is known about the process of women&amp;#39;s caring or the effects of caring on women. This feminist grounded theory study resulted in a substantive theory that explains how women manage the problematic aspects of caring and explicates the ways that environment influences women&amp;#39;s responses to caring demands. Of particular concern is the evidence that the existing social structure creates and intensifies problems for women caring. The discussion considers the implications of the findings for health policy and nursing practice.</dcvalue>
  <dcvalue element="relation" qualifier="ispartof" language="en">Journal of advanced nursing</dcvalue>
  <dcvalue element="relation" qualifier="ispartof" language="en">J.Adv.Nurs.</dcvalue>
  <dcvalue element="subject" qualifier="none" language="en">Caregiving</dcvalue>
  <dcvalue element="subject" qualifier="none" language="en">Caring</dcvalue>
  <dcvalue element="subject" qualifier="none" language="en">Environment</dcvalue>
  <dcvalue element="subject" qualifier="none" language="en">Feminist</dcvalue>
  <dcvalue element="subject" qualifier="none" language="en">Grounded theory</dcvalue>
  <dcvalue element="subject" qualifier="none" language="en">Health policy</dcvalue>
  <dcvalue element="subject" qualifier="none" language="en">Social structure</dcvalue>
  <dcvalue element="subject" qualifier="none" language="en">article</dcvalue>
  <dcvalue element="subject" qualifier="none" language="en">caregiver</dcvalue>
  <dcvalue element="subject" qualifier="none" language="en">cultural factor</dcvalue>
  <dcvalue element="subject" qualifier="none" language="en">empathy</dcvalue>
  <dcvalue element="subject" qualifier="none" language="en">family</dcvalue>
  <dcvalue element="subject" qualifier="none" language="en">female</dcvalue>
  <dcvalue element="subject" qualifier="none" language="en">human</dcvalue>
  <dcvalue element="subject" qualifier="none" language="en">human relation</dcvalue>
  <dcvalue element="subject" qualifier="none" language="en">interview</dcvalue>
  <dcvalue element="subject" qualifier="none" language="en">psychological aspect</dcvalue>
  <dcvalue element="subject" qualifier="none" language="en">reward</dcvalue>
  <dcvalue element="subject" qualifier="none" language="en">social behavior</dcvalue>
  <dcvalue element="subject" qualifier="none" language="en">social environment</dcvalue>
  <dcvalue element="subject" qualifier="none" language="en">spouse</dcvalue>
  <dcvalue element="subject" qualifier="none" language="en">Caregivers</dcvalue>
  <dcvalue element="subject" qualifier="none" language="en">Cultural Characteristics</dcvalue>
  <dcvalue element="subject" qualifier="none" language="en">Humans</dcvalue>
  <dcvalue element="subject" qualifier="none" language="en">Interpersonal Relations</dcvalue>
  <dcvalue element="subject" qualifier="none" language="en">Interviews</dcvalue>
  <dcvalue element="subject" qualifier="none" language="en">Social Responsibility</dcvalue>
  <dcvalue element="subject" qualifier="none" language="en">Spouses</dcvalue>
  <dcvalue element="subject" qualifier="none" language="en">Women</dcvalue>
  <dcvalue element="title" qualifier="none" language="en">Illuminating environmental influences on women&amp;#39;s caring</dcvalue>
  <dcvalue element="type" qualifier="none" language="en">Journal Article</dcvalue>
  <dcvalue element="date" qualifier="issued">1997</dcvalue>
</dublin_core>
