<reference>
<rt>Journal Article</rt>
<sr> Electronic(1)</sr>
<id>47</id>
<a1>Wuest,J.</a1>
<t1>Illuminating environmental influences on women&amp;#39;s caring</t1>
<jf>Journal of advanced nursing</jf>
<jo>J.Adv.Nurs.</jo>
<yr>1997</yr>
<vo>26</vo>
<is>1</is>
<sp>49</sp>
<op>58</op>
<k1>Caregiving</k1>
<k1>Caring</k1>
<k1>Environment</k1>
<k1>Feminist</k1>
<k1>Grounded theory</k1>
<k1>Health policy</k1>
<k1>Social structure</k1>
<k1>article</k1>
<k1>caregiver</k1>
<k1>cultural factor</k1>
<k1>empathy</k1>
<k1>family</k1>
<k1>female</k1>
<k1>human</k1>
<k1>human relation</k1>
<k1>interview</k1>
<k1>psychological aspect</k1>
<k1>reward</k1>
<k1>social behavior</k1>
<k1>social environment</k1>
<k1>spouse</k1>
<k1>Caregivers</k1>
<k1>Cultural Characteristics</k1>
<k1>Humans</k1>
<k1>Interpersonal Relations</k1>
<k1>Interviews</k1>
<k1>Social Responsibility</k1>
<k1>Spouses</k1>
<k1>Women</k1>
<ab>Current health care reform is resulting in increasing demands on women to care for others. Little is known about the process of women&amp;#39;s caring or the effects of caring on women. This feminist grounded theory study resulted in a substantive theory that explains how women manage the problematic aspects of caring and explicates the ways that environment influences women&amp;#39;s responses to caring demands. Of particular concern is the evidence that the existing social structure creates and intensifies problems for women caring. The discussion considers the implications of the findings for health policy and nursing practice.</ab>
<no>Cited By (since 1996): 15</no>
<sn>03092402</sn>
<ad>Affiliation: University of New Brunswick, Faculty of Nursing, Fredericton, NB E3B 5A3, Canada; Correspondence Address: Wuest, J.; University of New Brunswick, Faculty of Nursing, Fredericton, NB E3B 5A3, Canada</ad>
<an>CODEN: JANUD; PubMed ID: 9231277</an>
<la>English</la>
<db>SCOPUS</db>
<ds>Scopus</ds>
<rd>14 January 2011</rd>
<ul>http://www.scopus.com/inward/record.url?eid=2-s2.0-0031179035&amp;partnerID=40&amp;md5=a79cb8e8ba547953434e038d20e142c8</ul>
<cr>Abel, E., Nelson, M., Circles of care: An introductory essay (1990) Circles of Care, pp. 4-34. , (Abel E. &amp;amp; Nelson M. ed), State University of New York Press, Albany;; Acker, J., Barry, K., Essevald, J., Objectivity and truth: Problems in doing feminist research (1991) Beyond Methodology: Feminist Scholarship as Lived Research, pp. 133-153. , (Fonow M. &amp;amp; Cook J. eds), Indiana University Press, Bloomington, Indiana;; Anderson, L., Gold, K., &amp;#39;I know what it means but it&amp;#39;s not how I feel&amp;#39;: The construction of survivor identity in feminist counselling practice (1994) Women &amp;amp; Therapy, 15, pp. 5-17;; Appleton, C., Caring: In women&amp;#39;s experience (1994) Women&amp;#39;s Experience, pp. 1-41. , (Munhall P. ed.), NLN, New York;; Baker, C., Arsenault, A., Gallant, G., Resettlement without the support of an ethnocultural community (1994) Journal of Advanced Nursing, 20, pp. 1064-1072;; Clarke, J., Feminist methods in health promotion research (1992) Canadian Journal of Public Health, 83 (1 SUPPL.), pp. S54-S57;; Dalley, G., (1990) Ideologies of Caring: Rethinking Community and Collectivism, , MacMillan, London;; Donovan, J., (1991) Feminist Theory: The Intellectual Traditions of American Feminism, , Frederick Ungar, New York;; Dressel, P., Clark, A., A critical look at family care (1990) Journal of Marriage and the Family, 52, pp. 769-782;; Fisher, B., Tronto, J., Toward a feminist theory of caring (1990) Circles of Care, pp. 35-62. , (Abel E. &amp;amp; Nelson M. eds), State University of New York Press, Albany;; Gilligan, C., (1993) In a Different Voice, , Harvard University Press, Cambridge, Massachusetts;; Given, B., Given, C., Family caregiving for the elderly (1991) Annual Review of Nursing Research Volume 9, 9, pp. 77-99. , (Fitzpatrick J., Taunton R. &amp;amp; Jacox A. eds), Springer, New York;; Glaser, B., (1972) Experts Versus Laymen: A Study of the Patsy and the Subcontractor, , Sociology Press, Mill Valley, California;; Glaser, B., (1978) Theoretical Sensitivity, , Sociology Press, Mill Valley, California;; Graham, H., Caring: A labour of love (1983) A Labour of Love: Women, Work, and Caring, pp. 13-30. , (Finch J. &amp;amp; Groves D. eds), Routledge &amp;amp; Kegan Paul, London;; Greenleaf, N., Caring and not caring: The question of context (1991) Anthology on Caring, pp. 71-83. , (Chinn P. ed.), NLN, New York;; Hurley, J., Lomas, J., Bhatia, V., When tinkering is not enough: Provincial reform to manage health care resources (1994) Canadian Public Administration, 37, pp. 490-514;; Kendall, J., Fighting back: Promoting emancipatory nursing actions (1992) Advances in Nursing Science, 15, pp. 1-15;; Labonte, R., (1993) Health Promotion and Empowerment: Practice Frameworks, , Centre for Health Promotion and Particip-ACTION, Toronto;; Leininger, M., The phenomena of caring: Importance, research questions, and theoretical considerations (1988) Caring: An Essential Human Need, pp. 3-16. , (Leininger M. ed.), Wayne State University Press, Detroit;; Leininger, M., The theory of culture care diversity and universality (1991) Culture Care Diversity and Universality: A Theory of Nursing, pp. 5-72. , (Leininger M. ed.), NLN, New York;; Mayeroff, M., (1971) On Caring, , Harper &amp;amp; Row, New York;; Moccia, P., At the faultline: Social activism and caring (1988) Nursing Outlook, 36, pp. 30-33;; Moccia, P., Re-claiming our communities (1990) Nursing Outlook, 38, pp. 73-76;; Montgomery, R., Investigating caregiver burden (1989) Aging, Stress, and Health, pp. 201-218. , (Markides K. &amp;amp; Cooper C. eds), Wiley, New York;; Noddings, N., (1984) Caring: A Feminine Approach to Ethics and Moral Education, , University of California Press, Berkeley, California;; Roach, S., (1992) The Human Act of Caring, , Canadian Hospital Association, Ottawa;; Stevens, P., Hall, J., Applying critical theories to nursing in communities (1992) Public Health Nursing, 9, pp. 2-9;; Tronto, J., Women and caring: What can feminists learn about morality from caring? (1989) Gender/Body/Knowledge, pp. 172-187. , (Jaggar A. &amp;amp; Bordo S. eds), Rutgers University Press, New Brunswick, New Jersey;; Walters, V., Beyond medical and academic agendas: Lay perspectives and priorities (1991) Atlantis: A Women&amp;#39;s Studies Journal, 17, pp. 28-35;; Watson, J., (1988) Nursing: Human Science and Human Care. A Theory of Nursing, , NLN, New York;; Watts, R., Caring: Beyond the dyad (1993) A Global Agenda for Caring, pp. 141-154. , (Gaut D. ed.), NLN, New York;; Williams, D., Health promotion, caring, and nursing: Why social activisim is necessary (1991) Anthology on Caring, pp. 47-58. , (Chinn P. ed.), NLN, New York;; Wood, J., (1994) Who Cares? Women, Care, and Culture, , Southern Illinois University Press, Carbondale, Illinois;; Wuest, J., Feminist grounded theory: An exploration of the congruency and tensions between two traditions in knowledge discovery (1995) Qualitative Health Research, 5, pp. 125-137;; Wuest, J., (1995) Precarious Ordering: A Theory of Women&amp;#39;s Caring, , Doctoral dissertation, Wayne State University, Detroit, Michigan</cr>
<ol>Unknown(0)</ol></reference>