<?xml version="1.0" encoding="utf-8" standalone="no"?>
<dublin_core schema="dc">
  <dcvalue element="contributor" qualifier="author" language="en">Wuest,J.</dcvalue>
  <dcvalue element="contributor" qualifier="author" language="en">Merritt-Gray,M.</dcvalue>
  <dcvalue element="contributor" qualifier="author" language="en">Ford-Gilboe,M.</dcvalue>
  <dcvalue element="identifier" qualifier="issn" language="en">0161-9268</dcvalue>
  <dcvalue element="identifier" qualifier="uri" language="">http://etcdev.hil.unb.ca:8080/xmlui/handle/123456789/931</dcvalue>
  <dcvalue element="description" qualifier="abstract" language="en">Although concern for their children&amp;#39;s well-being is pivotal in mothers&amp;#39; decisions to leave abusive partners, rarely is lone-parent family life after leaving framed as beneficial for family members&amp;#39; emotional health. In this feminist grounded theory study of family health promotion in the aftermath of intimate partner violence, we learned that families strengthen their emotional health by purposefully replacing previously destructive patterns of interaction with predictable, supportive ways of getting along in a process called regenerating family. These findings add to our knowledge of family development and how families promote their health when they have experienced intimate partner violence.</dcvalue>
  <dcvalue element="relation" qualifier="ispartof" language="en">Advances in Nursing Science</dcvalue>
  <dcvalue element="title" qualifier="none" language="en">Regenerating family - Strengthening the emotional health of mothers and children in the context of intimate partner violence</dcvalue>
  <dcvalue element="type" qualifier="none" language="en">Journal Article</dcvalue>
  <dcvalue element="date" qualifier="issued">2004</dcvalue>
</dublin_core>
