<?xml version="1.0" encoding="utf-8" standalone="no"?>
<dublin_core schema="dc">
  <dcvalue element="contributor" qualifier="author" language="en">Furlong,K. E.</dcvalue>
  <dcvalue element="contributor" qualifier="author" language="en">Wuest,J.</dcvalue>
  <dcvalue element="identifier" qualifier="issn" language="en">1049-7323</dcvalue>
  <dcvalue element="identifier" qualifier="uri">http://etcdev.hil.unb.ca:8080/xmlui/handle/123456789/915</dcvalue>
  <dcvalue element="description" qualifier="abstract" language="en">Little of our empirical knowledge regarding how family caregivers of persons with Alzheimer&amp;#39;s disease (AD) manage their self-care needs is grounded in the perspectives of caregivers themselves. Using a grounded theory methodology, we explored self-care behaviors of nine spousal caregivers and developed a substantive theory of finding normalcy for self that reflects how spousal caregivers restore self-care behaviors in the context of a constant state of flux. Self-care worthiness, a new concept, emerged as a salient condition of finding normalcy. This provides a starting point for understanding self-care in spousal caregivers and illuminates the intricate process of caring for self while caring for a significant other with AD.</dcvalue>
  <dcvalue element="relation" qualifier="ispartof" language="en">Qualitative health research</dcvalue>
  <dcvalue element="relation" qualifier="ispartof" language="en">Qual.Health Res.</dcvalue>
  <dcvalue element="title" qualifier="none" language="en">Self-Care Behaviors of Spouses Caring for Significant Others With Alzheimer&amp;#39;s Disease: The Emergence of Self-Care Worthiness as a Salient Condition</dcvalue>
  <dcvalue element="type" qualifier="none" language="en">Journal Article</dcvalue>
  <dcvalue element="identifier" qualifier="doi" language="en">10.1177/1049732308327158 ER</dcvalue>
  <dcvalue element="date" qualifier="issued">2008</dcvalue>
</dublin_core>
