<reference>
<rt>Journal Article</rt>
<sr> Electronic(1)</sr>
<id>58</id>
<a1>Furlong,K. E.</a1>
<a1>Wuest,J.</a1>
<t1>Self-Care Behaviors of Spouses Caring for Significant Others With Alzheimer&amp;#39;s Disease: The Emergence of Self-Care Worthiness as a Salient Condition</t1>
<jf>Qualitative health research</jf>
<jo>Qual.Health Res.</jo>
<yr>2008</yr>
<vo>18</vo>
<is>12</is>
<sp>1662</sp>
<op>1672</op>
<ab>Little of our empirical knowledge regarding how family caregivers of persons with Alzheimer&amp;#39;s disease (AD) manage their self-care needs is grounded in the perspectives of caregivers themselves. Using a grounded theory methodology, we explored self-care behaviors of nine spousal caregivers and developed a substantive theory of finding normalcy for self that reflects how spousal caregivers restore self-care behaviors in the context of a constant state of flux. Self-care worthiness, a new concept, emerged as a salient condition of finding normalcy. This provides a starting point for understanding self-care in spousal caregivers and illuminates the intricate process of caring for self while caring for a significant other with AD.</ab>
<no>PT: J; TC: 6; UT: WOS:000260879200007</no>
<sn>1049-7323</sn>
<do>10.1177/1049732308327158 ER</do>
<ol>Unknown(0)</ol></reference>