<?xml version="1.0" encoding="utf-8" standalone="no"?>
<dublin_core schema="dc">
  <dcvalue element="creator" qualifier="none" language="en">Breca, Svetlan</dcvalue>
  <dcvalue element="creator" qualifier="none" language="en">Anderson, Kirk</dcvalue>
  <dcvalue element="identifier" qualifier="uri">http://etcdev.hil.unb.ca:8080/xmlui/handle/123456789/675</dcvalue>
  <dcvalue element="description" qualifier="abstract" language="en">Kosovo emerged from a period of conflict with Serbia only after an extensive NATO bombing campaign against Serbia. While the final political status seems settled with its declaration of independence in 2008, much remains to be determined. Preceding the declaration of independence and following it, Kosovo is an emerging democracy which is actively developing its own distinct institutions. In support of teacher development in Kosovo is the Kosovo Educator Development Program (KEDP) which was to act as the lead agency for teacher training in the region. The KEDP was an $8 million development initiative funded by the Canadian International Development Agency (CIDA). As the lead agency for teacher training promoted a major reform of preservice teacher training, and in particular the establishment of a new Faculty of Education for the University of Prishtina (UP). By the end of 2004, the consensus was that the new Faculty of Education seemed to be a success but that it was still in a very fragile state. Fragile indeed--the reform process has been seriously challenged as the initial and reformed-minded Dean was replaced in controversial (allegedly illegal) decanal elections which installed a more conservative and anti-reformist Dean and Pro-Deans. Each side has strong views, but what are they? What are the issues of the antagonists and protagonists in this dispute? To answer these questions the authors will discuss the changing context of Kosovo teacher education, and using a reflective narrative as a methodology will frame the perspectives key sources and their views of the reform challenges facing to new Faculty of Education. This is followed by a discussion seeking a greater understanding of these conflicting perspectives.</dcvalue>
  <dcvalue element="language" qualifier="none" language="en"></dcvalue>
  <dcvalue element="publisher" qualifier="none" language="en">Springer</dcvalue>
  <dcvalue element="source" qualifier="none" language="en">Interchange: A Quarterly Review of Education</dcvalue>
  <dcvalue element="title" qualifier="none" language="en">The Transition-Reform Dilemma: Kosovo--Emerging Democracy and Resistance Factors at Its Faculty of Education</dcvalue>
  <dcvalue element="type" qualifier="none" language="en">Journal Article</dcvalue>
  <dcvalue element="date" qualifier="issued">2010</dcvalue>
</dublin_core>
