<?xml version="1.0" encoding="utf-8" standalone="no"?>
<dublin_core schema="dc">
  <dcvalue element="contributor" qualifier="author" language="en">Read,T.</dcvalue>
  <dcvalue element="contributor" qualifier="author" language="en">Wuest,J.</dcvalue>
  <dcvalue element="identifier" qualifier="issn" language="en">1049-7323</dcvalue>
  <dcvalue element="identifier" qualifier="uri">http://etcdev.hil.unb.ca:8080/xmlui/handle/123456789/920</dcvalue>
  <dcvalue element="description" qualifier="abstract" language="en">Caring for elderly, dying parents is challenging for daughters as they try to balance other obligations and responsibilities. The purpose of this grounded theory study was to explain the domain of daughters&amp;#39; caregiving experiences in Newfoundland and Labrador, Canada. The primary author interviewed 12 women whose parents had died. Three types of turmoil (emotional, relational, and societal) emerged as the central issue for these women. The authors discovered a substantive theory of Relinquishing with interdependent processes of Keeping Vigil, Navigating Systems, Facing Loss, and an end process of Coming to Terms. In moving through the process of Relinquishing, social conditions of personal ideals, family expectations, and societal demands determine strategies employed by any one daughter to manage her turmoil. The findings fill a gap in knowledge related to daughters&amp;#39; caregiving for dying parents by contributing a theoretical framework that will inforrn women, health care providers, researchers, and health policy makers.</dcvalue>
  <dcvalue element="relation" qualifier="ispartof" language="en">Qualitative health research</dcvalue>
  <dcvalue element="relation" qualifier="ispartof" language="en">Qual.Health Res.</dcvalue>
  <dcvalue element="title" qualifier="none" language="en">Daughters caring for dying parents: A process of relinquishing</dcvalue>
  <dcvalue element="type" qualifier="none" language="en">Journal Article</dcvalue>
  <dcvalue element="identifier" qualifier="doi" language="en">10.1177/1049732307306123 ER</dcvalue>
  <dcvalue element="date" qualifier="issued">2007</dcvalue>
</dublin_core>
