<?xml version="1.0" encoding="ISO-8859-1" ?>
<!DOCTYPE romeoapi SYSTEM "http://www.sherpa.ac.uk/romeo/romeoapi24.dtd">
<romeoapi version="2.4.2">
  <header>
    <parameters>
      <parameter source="specified">
        <parametername>issn</parametername>
        <parametervalue>1049-7323</parametervalue>
      </parameter>
      <parameter source="default">
        <parametername>showfunder</parametername>
        <parametervalue>none</parametervalue>
      </parameter>
      <parameter source="default">
        <parametername>fIDnum</parametername>
        <parametervalue>|</parametervalue>
      </parameter>
    </parameters>
    <numhits>1</numhits>
    <apicontrol>journal</apicontrol>
    <outcome>singleJournal</outcome>
    <message />
    <licence>SHERPA/RoMEO data is available for re-use under a Creative Commons Attribution-Non-Commercial-Share Alike 2.5 licence. For more details, please see the 'conditions for re-use' at the &lt;licenceurl /&gt;, and linked-to from the SHERPA/RoMEO home page.</licence>
    <licenceurl>http://www.sherpa.ac.uk/romeoreuse.html</licenceurl>
    <disclaimer>All SHERPA/RoMEO information is correct to the best of our knowledge but should not be relied upon for legal advice. SHERPA cannot be held responsible for the re-use of RoMEO data, or for alternative interpretations which are derived from this information.</disclaimer>
    <timestamp>24-Jan-2011:19:47:03</timestamp>
  </header>
  <journals>
    <journal>
      <jtitle>Qualitative Health Research</jtitle>
      <issn>1049-7323</issn>
      <zetocpub>Sage Publications Inc</zetocpub>
      <romeopub>SAGE Publications</romeopub>
    </journal>
  </journals>
  <publishers>
    <publisher id="65">
      <name>SAGE Publications</name>
      <alias>UK and US</alias>
      <homeurl>http://www.uk.sagepub.com/</homeurl>
      <preprints>
        <prearchiving>can</prearchiving>
        <prerestrictions />
      </preprints>
      <postprints>
        <postarchiving>restricted</postarchiving>
        <postrestrictions>
          <postrestriction>&lt;num&gt;12&lt;/num&gt; &lt;period units=&quot;month&quot;&gt;months&lt;/period&gt; embargo</postrestriction>
        </postrestrictions>
      </postprints>
      <conditions>
        <condition>On author or institutional server and PubMed Central</condition>
        <condition>On author's personal web site</condition>
        <condition>Publisher copyright and source must be acknowledged</condition>
        <condition>Publisher's version/PDF cannot be used</condition>
        <condition>Post-print version with changes from referees comments can be used</condition>
        <condition>&quot;as published&quot; final version with layout and copy-editing changes cannot be archived but can be used on secure institutional intranet</condition>
        <condition>If funding agency rules apply, authors may use SAGE open to comply</condition>
      </conditions>
      <mandates />
      <paidaccess>
        <paidaccessurl>http://www.uk.sagepub.com/sageopen.sp</paidaccessurl>
        <paidaccessname>SAGE open</paidaccessname>
        <paidaccessnotes />
      </paidaccess>
      <copyrightlinks>
        <copyrightlink>
          <copyrightlinktext>Policy</copyrightlinktext>
          <copyrightlinkurl>http://www.uk.sagepub.com/authors/journal/permissions.sp</copyrightlinkurl>
        </copyrightlink>
      </copyrightlinks>
      <romeocolour>yellow</romeocolour>
      <dateadded>2004-01-10 00:00:00</dateadded>
      <dateupdated>2009-08-12 10:48:02</dateupdated>
    </publisher>
  </publishers>
</romeoapi>
