<?xml version="1.0" encoding="utf-8" standalone="no"?>
<dublin_core schema="dc">
  <dcvalue element="creator" qualifier="none" language="en">Anderson, Kirk</dcvalue>
  <dcvalue element="creator" qualifier="none" language="en">Walker, Keith</dcvalue>
  <dcvalue element="creator" qualifier="none" language="en">Ralph, Edwin</dcvalue>
  <dcvalue element="identifier" qualifier="uri">http://etcdev.hil.unb.ca:8080/xmlui/handle/123456789/674</dcvalue>
  <dcvalue element="description" qualifier="abstract" language="en">How do student teachers gain confidence in their teaching abilities as part of their school-based practicum experience while increasing their self-efficacy from the successes of their practicum? To understand this question better, we explored preservice teachers' post-practicum accounts of experiences of success in relation to efficacy (Bandura, 1977, 1982) with some reflection on motivational perspectives as found in self-determination theory (Ryan &amp; Deci, 2000). Of particular interest are the findings that illuminate the views of post-practicum students toward the formative importance of school cooperating teachers, principals, and vice-principals and their lack of reference to university-based supervisors. Of more general interest are possible connections that support the need for a better understanding of intrinsic and extrinsic motivation in relation to perceived competence (self-efficacy) for novice teachers.</dcvalue>
  <dcvalue element="language" qualifier="none" language="en"></dcvalue>
  <dcvalue element="publisher" qualifier="none" language="en">University of Alberta, Faculty of Education</dcvalue>
  <dcvalue element="source" qualifier="none" language="en">Alberta Journal of Educational Research</dcvalue>
  <dcvalue element="title" qualifier="none" language="en">Practicum Teachers' Perceptions of Success in Relation to Self-Efficacy (Perceived Competence)</dcvalue>
  <dcvalue element="type" qualifier="none" language="en">Journal Article</dcvalue>
  <dcvalue element="date" qualifier="issued">2009</dcvalue>
</dublin_core>
