<reference>
        <rt>Journal Article</rt>
        <sr> Electronic(1)</sr>
        <id/>
        <a1>Anderson, Kirk</a1>
        <a1>Walker, Keith</a1>
        <a1>Ralph, Edwin</a1>
        <t1>Practicum Teachers' Perceptions of Success in Relation to Self-Efficacy (Perceived Competence)</t1>
        <jf>Alberta Journal of Educational Research</jf>
        <yr>2009</yr>
        <vo>55</vo>
        <is>2</is>
        <sp>157</sp>
        <op>170</op>
        <no/>
        <ab>How do student teachers gain confidence in their teaching abilities as part of their school-based practicum experience while increasing their self-efficacy from the successes of their practicum? To understand this question better, we explored preservice teachers' post-practicum accounts of experiences of success in relation to efficacy (Bandura, 1977, 1982) with some reflection on motivational perspectives as found in self-determination theory (Ryan &amp; Deci, 2000). Of particular interest are the findings that illuminate the views of post-practicum students toward the formative importance of school cooperating teachers, principals, and vice-principals and their lack of reference to university-based supervisors. Of more general interest are possible connections that support the need for a better understanding of intrinsic and extrinsic motivation in relation to perceived competence (self-efficacy) for novice teachers.</ab>
        <pb>University of Alberta, Faculty of Education</pb>
        <pp>Edmonton, AB</pp>
        <sn>0002-4805</sn>
        <la>English</la>
        <db>ERIC</db>
        <lk>http://www.education.ualberta.ca/educ/journals/ajer.html</lk>
        <ds/>
        <ol/>
    </reference>