<?xml version="1.0" encoding="utf-8" standalone="no"?>
<dublin_core schema="dc">
  <dcvalue element="contributor" qualifier="author" language="en">Ford-Gilboe,M.</dcvalue>
  <dcvalue element="contributor" qualifier="author" language="en">Wuest,J.</dcvalue>
  <dcvalue element="contributor" qualifier="author" language="en">Merritt-Gray,M.</dcvalue>
  <dcvalue element="identifier" qualifier="issn" language="en">1049-7323</dcvalue>
  <dcvalue element="identifier" qualifier="uri">http://etcdev.hil.unb.ca:8080/xmlui/handle/123456789/913</dcvalue>
  <dcvalue element="description" qualifier="abstract" language="en">Children&amp;#39;s health is a key factor in women&amp;#39;s decisions to leave abusive partners, yet how these families promote their health after leaving is poorly understood. In this feminist grounded theory study, the authors conducted repeat interviews with 40 single-parent families that had left abusive partners/fathers and analyzed the data using constant comparative methods. Findings reveal the central problem faced by families is intrusion, unwanted interference in everyday life that stems from abuse and its fallout. Over time, families promote their health through the basic social process of strengthening capacity to limit intrusion via four subprocesses: providing, regenerating family, renewing self, and rebuilding security. Depending on the degree of intrusion, the focus strengthening capacity shifts between practical goals of surviving and more proactive efforts directed toward positioning for the future. This theory adds to our knowledge of the long-term consequences of IPV for families and provides direction for practice and policy.</dcvalue>
  <dcvalue element="relation" qualifier="ispartof" language="en">Qualitative health research</dcvalue>
  <dcvalue element="relation" qualifier="ispartof" language="en">Qual.Health Res.</dcvalue>
  <dcvalue element="title" qualifier="none" language="en">Strengthening capacity to limit intrusion: Theorizing family health promotion in the aftermath of woman abuse</dcvalue>
  <dcvalue element="type" qualifier="none" language="en">Journal Article</dcvalue>
  <dcvalue element="identifier" qualifier="doi" language="en">10.1177/1049732305274590 ER</dcvalue>
  <dcvalue element="date" qualifier="issued">2005</dcvalue>
</dublin_core>
