<?xml version="1.0" encoding="utf-8" standalone="no"?>
<dublin_core schema="dc">
  <dcvalue element="contributor" qualifier="author" language="en">Wuest,J.</dcvalue>
  <dcvalue element="contributor" qualifier="author" language="en">Ericson,P. K.</dcvalue>
  <dcvalue element="contributor" qualifier="author" language="en">Stern,P. N.</dcvalue>
  <dcvalue element="identifier" qualifier="issn" language="en">03092402</dcvalue>
  <dcvalue element="identifier" qualifier="uri">http://etcdev.hil.unb.ca:8080/xmlui/handle/123456789/924</dcvalue>
  <dcvalue element="description" qualifier="abstract" language="en">Alzheimer-type dementia (AD) is an insidious pervasive debilitating disorder that destroys the affected person&amp;#39;s capacity for self-care. In this grounded theory study, we explored the reciprocal process of becoming strangers in which eastern Canadian family caregivers and care recipients with AD interact on a continuum from intimacy to alienation through dimensions of dawning, holding on and letting go. The findings illuminate the experiences of family members who struggle on a daily basis with their commitment to the person they knew and their increasing detachment from the stranger that person has become. With the increasing emphasis on home care, these findings offer insights for individual care and health policy development.</dcvalue>
  <dcvalue element="relation" qualifier="ispartof" language="en">Journal of advanced nursing</dcvalue>
  <dcvalue element="relation" qualifier="ispartof" language="en">J.Adv.Nurs.</dcvalue>
  <dcvalue element="subject" qualifier="none" language="en">adult</dcvalue>
  <dcvalue element="subject" qualifier="none" language="en">aged</dcvalue>
  <dcvalue element="subject" qualifier="none" language="en">Alzheimer disease</dcvalue>
  <dcvalue element="subject" qualifier="none" language="en">article</dcvalue>
  <dcvalue element="subject" qualifier="none" language="en">caregiver</dcvalue>
  <dcvalue element="subject" qualifier="none" language="en">child parent relation</dcvalue>
  <dcvalue element="subject" qualifier="none" language="en">female</dcvalue>
  <dcvalue element="subject" qualifier="none" language="en">home care</dcvalue>
  <dcvalue element="subject" qualifier="none" language="en">human</dcvalue>
  <dcvalue element="subject" qualifier="none" language="en">human relation</dcvalue>
  <dcvalue element="subject" qualifier="none" language="en">life event</dcvalue>
  <dcvalue element="subject" qualifier="none" language="en">male</dcvalue>
  <dcvalue element="subject" qualifier="none" language="en">nursing</dcvalue>
  <dcvalue element="subject" qualifier="none" language="en">psychological aspect</dcvalue>
  <dcvalue element="subject" qualifier="none" language="en">Caregivers</dcvalue>
  <dcvalue element="subject" qualifier="none" language="en">Home Nursing</dcvalue>
  <dcvalue element="subject" qualifier="none" language="en">Interpersonal Relations</dcvalue>
  <dcvalue element="subject" qualifier="none" language="en">Life Change Events</dcvalue>
  <dcvalue element="subject" qualifier="none" language="en">Middle Age</dcvalue>
  <dcvalue element="subject" qualifier="none" language="en">Parent-Child Relations</dcvalue>
  <dcvalue element="title" qualifier="none" language="en">Becoming strangers: the changing family caregiving relationship in Alzheimer&amp;#39;s disease.</dcvalue>
  <dcvalue element="type" qualifier="none" language="en">Journal Article</dcvalue>
  <dcvalue element="date" qualifier="issued">1994</dcvalue>
</dublin_core>
