<reference>
<rt>Journal Article</rt>
<sr> Electronic(1)</sr>
<id>48</id>
<a1>Wuest,J.</a1>
<a1>Ericson,P. K.</a1>
<a1>Stern,P. N.</a1>
<t1>Becoming strangers: the changing family caregiving relationship in Alzheimer&amp;#39;s disease.</t1>
<jf>Journal of advanced nursing</jf>
<jo>J.Adv.Nurs.</jo>
<yr>1994</yr>
<vo>20</vo>
<is>3</is>
<sp>437</sp>
<op>443</op>
<k1>adult</k1>
<k1>aged</k1>
<k1>Alzheimer disease</k1>
<k1>article</k1>
<k1>caregiver</k1>
<k1>child parent relation</k1>
<k1>female</k1>
<k1>home care</k1>
<k1>human</k1>
<k1>human relation</k1>
<k1>life event</k1>
<k1>male</k1>
<k1>nursing</k1>
<k1>psychological aspect</k1>
<k1>Caregivers</k1>
<k1>Home Nursing</k1>
<k1>Interpersonal Relations</k1>
<k1>Life Change Events</k1>
<k1>Middle Age</k1>
<k1>Parent-Child Relations</k1>
<ab>Alzheimer-type dementia (AD) is an insidious pervasive debilitating disorder that destroys the affected person&amp;#39;s capacity for self-care. In this grounded theory study, we explored the reciprocal process of becoming strangers in which eastern Canadian family caregivers and care recipients with AD interact on a continuum from intimacy to alienation through dimensions of dawning, holding on and letting go. The findings illuminate the experiences of family members who struggle on a daily basis with their commitment to the person they knew and their increasing detachment from the stranger that person has become. With the increasing emphasis on home care, these findings offer insights for individual care and health policy development.</ab>
<no>Cited By (since 1996): 40</no>
<sn>03092402</sn>
<ad>Affiliation: Faculty of Nursing, University of New Brunswick.; Correspondence Address: Wuest, J.</ad>
<an>PubMed ID: 7963047</an>
<la>English</la>
<db>SCOPUS</db>
<ds>Scopus</ds>
<rd>14 January 2011</rd>
<ul>http://www.scopus.com/inward/record.url?eid=2-s2.0-0028502874&amp;partnerID=40&amp;md5=bc5d8ee1713bea8e3d818a9cd8e8f6d6</ul>
<ol>Unknown(0)</ol></reference>