<?xml version="1.0" encoding="utf-8" standalone="no"?>
<dublin_core schema="dc">
  <dcvalue element="contributor" qualifier="author" language="en">Wuest,J.</dcvalue>
  <dcvalue element="contributor" qualifier="author" language="en">Malcolm,J.</dcvalue>
  <dcvalue element="contributor" qualifier="author" language="en">Merritt-Gray,M.</dcvalue>
  <dcvalue element="identifier" qualifier="issn" language="en">0739-9332</dcvalue>
  <dcvalue element="identifier" qualifier="uri">http://etcdev.hil.unb.ca:8080/xmlui/handle/123456789/929</dcvalue>
  <dcvalue element="description" qualifier="abstract" language="en">Using theoretical sampling, we extended a previous grounded theory study of women&amp;#39;s caring through interviews with 16 women currently giving care to parents who had abused them as children to more fully understand daughters&amp;#39; obligation to care in the context of past abuse. Past relationship was characterized by emotional distance, onever being good enough,o degradation, control, and unpredictability. Obligation to care was grounded not only in duty to others but also in duty to self. Caregiving was seen as an opportunity for validation and reconciliation. These findings advance knowledge by illuminating how survivors of child maltreatment become caregivers for their abusers.</dcvalue>
  <dcvalue element="relation" qualifier="ispartof" language="en">Health care for women international</dcvalue>
  <dcvalue element="relation" qualifier="ispartof" language="en">Health Care Women Int.</dcvalue>
  <dcvalue element="title" qualifier="none" language="en">Daughters&amp;#39; Obligation to Care in the Context of Past Abuse</dcvalue>
  <dcvalue element="type" qualifier="none" language="en">Journal Article</dcvalue>
  <dcvalue element="identifier" qualifier="doi" language="en">10.1080/07399331003599563 ER</dcvalue>
  <dcvalue element="date" qualifier="issued">2010</dcvalue>
</dublin_core>
