<reference>
<rt>Journal Article</rt>
<sr> Electronic(1)</sr>
<id>54</id>
<a1>Wuest,J.</a1>
<a1>Malcolm,J.</a1>
<a1>Merritt-Gray,M.</a1>
<t1>Daughters&amp;#39; Obligation to Care in the Context of Past Abuse</t1>
<jf>Health care for women international</jf>
<jo>Health Care Women Int.</jo>
<yr>2010</yr>
<vo>31</vo>
<is>12</is>
<sp>1047</sp>
<op>1067</op>
<ab>Using theoretical sampling, we extended a previous grounded theory study of women&amp;#39;s caring through interviews with 16 women currently giving care to parents who had abused them as children to more fully understand daughters&amp;#39; obligation to care in the context of past abuse. Past relationship was characterized by emotional distance, onever being good enough,o degradation, control, and unpredictability. Obligation to care was grounded not only in duty to others but also in duty to self. Caregiving was seen as an opportunity for validation and reconciliation. These findings advance knowledge by illuminating how survivors of child maltreatment become caregivers for their abusers.</ab>
<no>PT: J; TC: 0; UT: WOS:000283880300002</no>
<sn>0739-9332</sn>
<do>10.1080/07399331003599563 ER</do>
<ol>Unknown(0)</ol></reference>