<?xml version="1.0" encoding="ISO-8859-1" ?>
<!DOCTYPE romeoapi SYSTEM "http://www.sherpa.ac.uk/romeo/romeoapi24.dtd">
<romeoapi version="2.4.2">
  <header>
    <parameters>
      <parameter source="specified">
        <parametername>issn</parametername>
        <parametervalue>0739-9332</parametervalue>
      </parameter>
      <parameter source="default">
        <parametername>showfunder</parametername>
        <parametervalue>none</parametervalue>
      </parameter>
      <parameter source="default">
        <parametername>fIDnum</parametername>
        <parametervalue>|</parametervalue>
      </parameter>
    </parameters>
    <numhits>4</numhits>
    <apicontrol>journal</apicontrol>
    <outcome>uniqueZetoc</outcome>
    <message />
    <licence>SHERPA/RoMEO data is available for re-use under a Creative Commons Attribution-Non-Commercial-Share Alike 2.5 licence. For more details, please see the 'conditions for re-use' at the &lt;licenceurl /&gt;, and linked-to from the SHERPA/RoMEO home page.</licence>
    <licenceurl>http://www.sherpa.ac.uk/romeoreuse.html</licenceurl>
    <disclaimer>All SHERPA/RoMEO information is correct to the best of our knowledge but should not be relied upon for legal advice. SHERPA cannot be held responsible for the re-use of RoMEO data, or for alternative interpretations which are derived from this information.</disclaimer>
    <timestamp>24-Jan-2011:19:48:01</timestamp>
  </header>
  <journals>
    <journal>
      <jtitle>Health Care for Women International</jtitle>
      <issn>0739-9332</issn>
      <zetocpub>Taylor &amp;amp; Francis</zetocpub>
      <romeopub>Taylor &amp;amp; Francis</romeopub>
    </journal>
  </journals>
  <publishers>
    <publisher id="76">
      <name>Taylor &amp; Francis</name>
      <alias />
      <homeurl>http://www.tandf.co.uk/journals/default.asp</homeurl>
      <preprints>
        <prearchiving>can</prearchiving>
        <prerestrictions />
      </preprints>
      <postprints>
        <postarchiving>restricted</postarchiving>
        <postrestrictions>
          <postrestriction>12 month embargo for STM, Behavioural Science and Public Health Journals</postrestriction>
          <postrestriction>18 month embargo for SSH Journals</postrestriction>
        </postrestrictions>
      </postprints>
      <conditions>
        <condition>Some individual journals may have policies prohibiting pre-print archiving</condition>
        <condition>Pre-print on authors own website</condition>
        <condition>Post-print on authors own or institutions website</condition>
        <condition>Publisher's version/PDF cannot be used</condition>
        <condition>On a non-profit server</condition>
        <condition>Published source must be acknowledged</condition>
        <condition>Must link to publisher version</condition>
        <condition>Set statements to accompany deposits (see policy)</condition>
        <condition>Publisher will deposit to PMC on behalf of NIH authors.</condition>
      </conditions>
      <mandates />
      <paidaccess>
        <paidaccessurl>http://www.tandf.co.uk/journals/iopenaccess.asp</paidaccessurl>
        <paidaccessname>iOpenAccess</paidaccessname>
        <paidaccessnotes>406 journals</paidaccessnotes>
      </paidaccess>
      <copyrightlinks>
        <copyrightlink>
          <copyrightlinktext>Policy</copyrightlinktext>
          <copyrightlinkurl>http://journalauthors.tandf.co.uk/preparation/copyright.asp</copyrightlinkurl>
        </copyrightlink>
      </copyrightlinks>
      <romeocolour>yellow</romeocolour>
      <dateadded>2004-01-10 00:00:00</dateadded>
      <dateupdated>2010-12-02 09:44:38</dateupdated>
    </publisher>
    <publisher id="133">
      <name>Taylor &amp; Francis</name>
      <alias>CRC Press</alias>
      <homeurl>http://www.tandf.co.uk/journals/default.asp</homeurl>
      <preprints>
        <prearchiving>can</prearchiving>
        <prerestrictions />
      </preprints>
      <postprints>
        <postarchiving>restricted</postarchiving>
        <postrestrictions>
          <postrestriction>12 month embargo for STM, Behavioural Science and Public Health Journals</postrestriction>
          <postrestriction>18 month embargo for SSH journals</postrestriction>
        </postrestrictions>
      </postprints>
      <conditions>
        <condition>Some individual journals may have policies prohibiting pre-print archiving</condition>
        <condition>Pre-print on authors own website</condition>
        <condition>Post-print on authors own or institutions website</condition>
        <condition>Publisher's version/PDF cannot be used</condition>
        <condition>On a non-profit server</condition>
        <condition>Published source must be acknowledged</condition>
        <condition>Must link to publisher version</condition>
        <condition>Set statements to accompany deposits (see policy)</condition>
      </conditions>
      <mandates />
      <paidaccess>
        <paidaccessurl>http://www.tandf.co.uk/journals/iopenaccess.asp</paidaccessurl>
        <paidaccessname>iOpenAccess</paidaccessname>
        <paidaccessnotes />
      </paidaccess>
      <copyrightlinks>
        <copyrightlink>
          <copyrightlinktext>Policy</copyrightlinktext>
          <copyrightlinkurl>http://journalauthors.tandf.co.uk/preparation/copyright.asp</copyrightlinkurl>
        </copyrightlink>
      </copyrightlinks>
      <romeocolour>yellow</romeocolour>
      <dateadded>2005-11-30 00:00:00</dateadded>
      <dateupdated>2010-12-02 09:45:08</dateupdated>
    </publisher>
    <publisher id="132">
      <name>Taylor &amp; Francis</name>
      <alias>Psychology Press</alias>
      <homeurl>http://www.psypress.com/</homeurl>
      <preprints>
        <prearchiving>can</prearchiving>
        <prerestrictions />
      </preprints>
      <postprints>
        <postarchiving>restricted</postarchiving>
        <postrestrictions>
          <postrestriction>12 month embargo for STM, Behavioural Science and Public Health Journals</postrestriction>
          <postrestriction>18 month embargo for SSH journals</postrestriction>
        </postrestrictions>
      </postprints>
      <conditions>
        <condition>Some individual journals may have policies prohibiting pre-print archiving</condition>
        <condition>Publisher's version/PDF cannot be used</condition>
        <condition>On a non-profit server</condition>
        <condition>Published source must be acknowledged</condition>
        <condition>Must link to publisher version</condition>
        <condition>Set statements to accompany deposits (see policy)</condition>
        <condition>Publisher will deposit to PMC on behalf of NIH authors.</condition>
      </conditions>
      <mandates />
      <paidaccess>
        <paidaccessurl>http://www.tandf.co.uk/journals/iopenaccess.asp</paidaccessurl>
        <paidaccessname>iOpenAccess</paidaccessname>
        <paidaccessnotes>7 journal only</paidaccessnotes>
      </paidaccess>
      <copyrightlinks>
        <copyrightlink>
          <copyrightlinktext>Policy</copyrightlinktext>
          <copyrightlinkurl>http://journalauthors.tandf.co.uk/preparation/copyright.asp</copyrightlinkurl>
        </copyrightlink>
      </copyrightlinks>
      <romeocolour>yellow</romeocolour>
      <dateadded>2005-11-30 00:00:00</dateadded>
      <dateupdated>2010-12-02 09:45:30</dateupdated>
    </publisher>
    <publisher id="193">
      <name>Taylor &amp; Francis</name>
      <alias>Routledge</alias>
      <homeurl>http://www.routledge.com/</homeurl>
      <preprints>
        <prearchiving>can</prearchiving>
        <prerestrictions />
      </preprints>
      <postprints>
        <postarchiving>restricted</postarchiving>
        <postrestrictions>
          <postrestriction>12 month embargo for STM, Behavioural Science and Public Health Journals</postrestriction>
          <postrestriction>18 month embargo for SSH journals</postrestriction>
        </postrestrictions>
      </postprints>
      <conditions>
        <condition>Some individual journals may have policies prohibiting pre-print archiving</condition>
        <condition>Pre-print on authors own website</condition>
        <condition>Post-print on authors own or institutions website</condition>
        <condition>Publisher's version/PDF cannot be used</condition>
        <condition>On a non-profit server</condition>
        <condition>Published source must be acknowledged</condition>
        <condition>Must link to publisher version</condition>
        <condition>Set statements to accompany deposits (see policy)</condition>
        <condition>Publisher will deposit to PMC on behalf of NIH authors.</condition>
      </conditions>
      <mandates />
      <paidaccess>
        <paidaccessurl>http://www.tandf.co.uk/journals/iopenaccess.asp</paidaccessurl>
        <paidaccessname>iOpenAccess</paidaccessname>
        <paidaccessnotes />
      </paidaccess>
      <copyrightlinks>
        <copyrightlink>
          <copyrightlinktext>Policy</copyrightlinktext>
          <copyrightlinkurl>http://journalauthors.tandf.co.uk/preparation/copyright.asp</copyrightlinkurl>
        </copyrightlink>
      </copyrightlinks>
      <romeocolour>yellow</romeocolour>
      <dateadded>2004-01-10 00:00:00</dateadded>
      <dateupdated>2010-12-02 09:45:57</dateupdated>
    </publisher>
  </publishers>
</romeoapi>
