<?xml version="1.0" encoding="utf-8" standalone="no"?>
<dublin_core schema="dc">
  <dcvalue element="contributor" qualifier="author" language="en">Wuest,J.</dcvalue>
  <dcvalue element="contributor" qualifier="author" language="en">Stern,P. N.</dcvalue>
  <dcvalue element="identifier" qualifier="issn" language="en">03092402</dcvalue>
  <dcvalue element="identifier" qualifier="uri">http://etcdev.hil.unb.ca:8080/xmlui/handle/123456789/933</dcvalue>
  <dcvalue element="description" qualifier="abstract" language="en">The analysis of data from a grounded theory study of family interaction when a child has otitis media with effusion (OME) shows that these families are engaged in the process of learning to manage. Their relationship with the health care system, coupled with the effects of the disease on the child and the family lifestyle, has a powerful influence on how this process proceeds. In this paper, the authors discuss the impact of the family&amp;#39;s relationship with the Canadian health care system on the development of management skills. Relationships with the health care system fluctuate forward and backward through entrusting, becoming disillusioned, learning the rules and negotiating, as families learn to manage the effects of the disease process on the child and the family. The family perspective of the quality and availability of health care at a time when health care systems throughout the world are under close scrutiny, adds to our understanding of consumer expectations. Some recommendations for improving current relationships between families and the health care system are made.</dcvalue>
  <dcvalue element="relation" qualifier="ispartof" language="en">Journal of advanced nursing</dcvalue>
  <dcvalue element="relation" qualifier="ispartof" language="en">J.Adv.Nurs.</dcvalue>
  <dcvalue element="subject" qualifier="none" language="en">adult</dcvalue>
  <dcvalue element="subject" qualifier="none" language="en">article</dcvalue>
  <dcvalue element="subject" qualifier="none" language="en">assertiveness</dcvalue>
  <dcvalue element="subject" qualifier="none" language="en">attitude</dcvalue>
  <dcvalue element="subject" qualifier="none" language="en">Canada</dcvalue>
  <dcvalue element="subject" qualifier="none" language="en">child</dcvalue>
  <dcvalue element="subject" qualifier="none" language="en">consumer</dcvalue>
  <dcvalue element="subject" qualifier="none" language="en">empathy</dcvalue>
  <dcvalue element="subject" qualifier="none" language="en">family</dcvalue>
  <dcvalue element="subject" qualifier="none" language="en">health care delivery</dcvalue>
  <dcvalue element="subject" qualifier="none" language="en">human</dcvalue>
  <dcvalue element="subject" qualifier="none" language="en">human relation</dcvalue>
  <dcvalue element="subject" qualifier="none" language="en">learning</dcvalue>
  <dcvalue element="subject" qualifier="none" language="en">patient</dcvalue>
  <dcvalue element="subject" qualifier="none" language="en">psychologic test</dcvalue>
  <dcvalue element="subject" qualifier="none" language="en">psychological aspect</dcvalue>
  <dcvalue element="subject" qualifier="none" language="en">secretory otitis media</dcvalue>
  <dcvalue element="subject" qualifier="none" language="en">standard</dcvalue>
  <dcvalue element="subject" qualifier="none" language="en">Attitude of Health Personnel</dcvalue>
  <dcvalue element="subject" qualifier="none" language="en">Attitude to Health</dcvalue>
  <dcvalue element="subject" qualifier="none" language="en">Consumer Satisfaction</dcvalue>
  <dcvalue element="subject" qualifier="none" language="en">Delivery of Health Care</dcvalue>
  <dcvalue element="subject" qualifier="none" language="en">Health Services Accessibility</dcvalue>
  <dcvalue element="subject" qualifier="none" language="en">Interview, Psychological</dcvalue>
  <dcvalue element="subject" qualifier="none" language="en">Otitis Media with Effusion</dcvalue>
  <dcvalue element="subject" qualifier="none" language="en">Patient Participation</dcvalue>
  <dcvalue element="subject" qualifier="none" language="en">Professional-Family Relations</dcvalue>
  <dcvalue element="subject" qualifier="none" language="en">Set (Psychology)</dcvalue>
  <dcvalue element="title" qualifier="none" language="en">The impact of fluctuating relationships with the Canadian health care system on family management of otitis media with effusion.</dcvalue>
  <dcvalue element="type" qualifier="none" language="en">Journal Article</dcvalue>
  <dcvalue element="date" qualifier="issued">1990</dcvalue>
</dublin_core>
