<reference>
<rt>Journal Article</rt>
<sr> Electronic(1)</sr>
<id>49</id>
<a1>Wuest,J.</a1>
<a1>Stern,P. N.</a1>
<t1>The impact of fluctuating relationships with the Canadian health care system on family management of otitis media with effusion.</t1>
<jf>Journal of advanced nursing</jf>
<jo>J.Adv.Nurs.</jo>
<yr>1990</yr>
<vo>15</vo>
<is>5</is>
<sp>556</sp>
<op>563</op>
<k1>adult</k1>
<k1>article</k1>
<k1>assertiveness</k1>
<k1>attitude</k1>
<k1>Canada</k1>
<k1>child</k1>
<k1>consumer</k1>
<k1>empathy</k1>
<k1>family</k1>
<k1>health care delivery</k1>
<k1>human</k1>
<k1>human relation</k1>
<k1>learning</k1>
<k1>patient</k1>
<k1>psychologic test</k1>
<k1>psychological aspect</k1>
<k1>secretory otitis media</k1>
<k1>standard</k1>
<k1>Attitude of Health Personnel</k1>
<k1>Attitude to Health</k1>
<k1>Consumer Satisfaction</k1>
<k1>Delivery of Health Care</k1>
<k1>Health Services Accessibility</k1>
<k1>Interview, Psychological</k1>
<k1>Otitis Media with Effusion</k1>
<k1>Patient Participation</k1>
<k1>Professional-Family Relations</k1>
<k1>Set (Psychology)</k1>
<ab>The analysis of data from a grounded theory study of family interaction when a child has otitis media with effusion (OME) shows that these families are engaged in the process of learning to manage. Their relationship with the health care system, coupled with the effects of the disease on the child and the family lifestyle, has a powerful influence on how this process proceeds. In this paper, the authors discuss the impact of the family&amp;#39;s relationship with the Canadian health care system on the development of management skills. Relationships with the health care system fluctuate forward and backward through entrusting, becoming disillusioned, learning the rules and negotiating, as families learn to manage the effects of the disease process on the child and the family. The family perspective of the quality and availability of health care at a time when health care systems throughout the world are under close scrutiny, adds to our understanding of consumer expectations. Some recommendations for improving current relationships between families and the health care system are made.</ab>
<no>Cited By (since 1996): 10</no>
<sn>03092402</sn>
<ad>Affiliation: Faculty of Nursing, University of New Brunswick, Fredericton, Canada.; Correspondence Address: Wuest, J.</ad>
<an>PubMed ID: 2358573</an>
<la>English</la>
<db>SCOPUS</db>
<ds>Scopus</ds>
<rd>14 January 2011</rd>
<ul>http://www.scopus.com/inward/record.url?eid=2-s2.0-0025423809&amp;partnerID=40&amp;md5=2eabf9f410e370b91355b250edbd52bd</ul>
<ol>Unknown(0)</ol></reference>