<?xml version="1.0" encoding="utf-8" standalone="no"?>
<dublin_core schema="dc">
  <dcvalue element="contributor" qualifier="author" language="en">Wuest,J.</dcvalue>
  <dcvalue element="contributor" qualifier="author" language="en">Hodgins,M. J.</dcvalue>
  <dcvalue element="contributor" qualifier="author" language="en">Malcolm,J.</dcvalue>
  <dcvalue element="contributor" qualifier="author" language="en">Merritt-Gray,M.</dcvalue>
  <dcvalue element="contributor" qualifier="author" language="en">Seaman,P.</dcvalue>
  <dcvalue element="identifier" qualifier="issn" language="en">0161-9268 ER</dcvalue>
  <dcvalue element="identifier" qualifier="uri">http://etcdev.hil.unb.ca:8080/xmlui/handle/123456789/928</dcvalue>
  <dcvalue element="description" qualifier="abstract" language="en">The social expectation that women will care for family members persists despite evidence that many women have difficult or abusive past relationships with their parents and partners. Little is known about how past relationship influences the health of women caring for adult family members. On the basis of earlier grounded theory research, we tested the theory that past relationship and obligation predict health outcomes and health promotion in 236 women caregivers of adult family members. Structural equation modeling demonstrated support for the theory, with 56% of the variance in health outcomes and 11% of the variance in health promotion accounted for by the model.</dcvalue>
  <dcvalue element="relation" qualifier="ispartof" language="en">Advances in Nursing Science</dcvalue>
  <dcvalue element="title" qualifier="none" language="en">The effects of past relationship and obligation on health and health promotion in women Caregivers of adult family members</dcvalue>
  <dcvalue element="type" qualifier="none" language="en">Journal Article</dcvalue>
  <dcvalue element="date" qualifier="issued">2007</dcvalue>
</dublin_core>
