<reference>
<rt>Journal Article</rt>
<sr> Electronic(1)</sr>
<id>63</id>
<a1>Wuest,J.</a1>
<a1>Hodgins,M. J.</a1>
<a1>Malcolm,J.</a1>
<a1>Merritt-Gray,M.</a1>
<a1>Seaman,P.</a1>
<t1>The effects of past relationship and obligation on health and health promotion in women Caregivers of adult family members</t1>
<jf>Advances in Nursing Science</jf>
<yr>2007</yr>
<vo>30</vo>
<is>3</is>
<sp>206</sp>
<op>220</op>
<ab>The social expectation that women will care for family members persists despite evidence that many women have difficult or abusive past relationships with their parents and partners. Little is known about how past relationship influences the health of women caring for adult family members. On the basis of earlier grounded theory research, we tested the theory that past relationship and obligation predict health outcomes and health promotion in 236 women caregivers of adult family members. Structural equation modeling demonstrated support for the theory, with 56% of the variance in health outcomes and 11% of the variance in health promotion accounted for by the model.</ab>
<no>PT: J; TC: 4; UT: WOS:000249164700003</no>
<sn>0161-9268 ER</sn>
<ol>Unknown(0)</ol></reference>