<reference>
<rt>Journal Article</rt>
<sr> Electronic(1)</sr>
<id>56</id>
<a1>Wuest,J.</a1>
<a1>Ford-Gilboe,M.</a1>
<a1>Merritt-Gray,M.</a1>
<a1>Varcoe,C.</a1>
<a1>Lent,B.</a1>
<a1>Wilk,P.</a1>
<a1>Campbell,J.</a1>
<t1>Abuse-Related Injury and Symptoms of Posttraumatic Stress Disorder as Mechanisms of Chronic Pain in Survivors of Intimate Partner Violence</t1>
<jf>Pain Medicine</jf>
<yr>2009</yr>
<vo>10</vo>
<is>4</is>
<sp>739</sp>
<op>747</op>
<ab>To examine the role of abuse-related injury and posttraumatic stress disorder (PTSD) symptom severity in mediating the effects of assaultive intimate partner violence (IPV) severity, psychological IPV severity, and child abuse severity on chronic pain severity in women survivors of IPV. Using data collected from a community sample of 309 women survivors of IPV, structural equation modeling was used to test a theoretical model of the relationships among the key variables. The theoretical model accounted for almost 38% of the variance in chronic pain severity. PTSD symptom severity was a significant mediator of the relationships of both child abuse severity (beta = 0.13) and assaultive IPV severity (beta = 0.06) with chronic pain severity. Lifetime abuse-related injury was also a significant mediator of the relationships between both child abuse severity (beta = 0.05) and assaultive IPV severity (beta = 0.06) and chronic pain severity. Child abuse severity made the largest significant contribution to the model (beta = 0.35). Assaultive IPV severity had a significant indirect effect (beta = 0.12) on chronic pain severity while psychological IPV severity had a significant direct effect (beta = 0.20). Management of chronic pain in IPV survivors requires attention to symptoms of PTSD, abuse-related injury, and lifetime experiences of violence. Ensuring that acute pain from injury is adequately treated and followed over time may reduce the extent of chronic pain in abused women. The results also support the importance of routine assessment for IPV and child abuse.</ab>
<no>PT: J; TC: 4; UT: WOS:000266678600020</no>
<sn>1526-2375</sn>
<do>10.1111/j.1526-4637.2009.00624.x ER</do>
<ol>Unknown(0)</ol></reference>