<?xml version="1.0" encoding="utf-8" standalone="no"?>
<dublin_core schema="dc">
  <dcvalue element="contributor" qualifier="author" language="en">Wuest,J.</dcvalue>
  <dcvalue element="contributor" qualifier="author" language="en">Ford-Gilboe,M.</dcvalue>
  <dcvalue element="contributor" qualifier="author" language="en">Merritt-Gray,M.</dcvalue>
  <dcvalue element="contributor" qualifier="author" language="en">Wilk,P.</dcvalue>
  <dcvalue element="contributor" qualifier="author" language="en">Campbell,J. C.</dcvalue>
  <dcvalue element="contributor" qualifier="author" language="en">Lent,B.</dcvalue>
  <dcvalue element="contributor" qualifier="author" language="en">Varcoe,C.</dcvalue>
  <dcvalue element="contributor" qualifier="author" language="en">Smye,V.</dcvalue>
  <dcvalue element="identifier" qualifier="issn" language="en">1540-9996</dcvalue>
  <dcvalue element="identifier" qualifier="uri">http://etcdev.hil.unb.ca:8080/xmlui/handle/123456789/927</dcvalue>
  <dcvalue element="description" qualifier="abstract" language="en">Objective: To examine the roles of lifetime abuse-related injury, posttraumatic stress disorder (PTSD) symptom severity, and depressive symptom severity in mediating the effects of severity of assaultive intimate partner violence (IPV), psychological IPV, and child abuse on chronic pain severity in women survivors of IPV. Methods: Structural equation modeling of data from a community sample of 309 women survivors of IPV was used to test partial and full theoretical models of the relationships among the variables of interest. Results: The full model had good fit and accounted for 40.2% of the variance in chronic pain severity. Abuse-related injury, PTSD symptom severity, and depressive symptom severity significantly mediated the relationship between child abuse severity and chronic pain severity, but only abuse-related injury significantly mediated the relationship between assaultive IPV severity and chronic pain severity. Psychological IPV severity was the only abuse variable with significant direct effects on chronic pain severity but had no significant indirect effects. Conclusions: These findings can inform clinical care of women with chronic pain in all areas of healthcare delivery by reinforcing the importance of assessing for a history of child abuse and IPV. Moreover, they highlight the relevance of routinely assessing for abuse-related injury and PTSD and depressive symptom severity when working with women who report chronic pain.</dcvalue>
  <dcvalue element="relation" qualifier="ispartof" language="en">Journal of Womens Health</dcvalue>
  <dcvalue element="title" qualifier="none" language="en">Pathways of Chronic Pain in Survivors of Intimate Partner Violence</dcvalue>
  <dcvalue element="type" qualifier="none" language="en">Journal Article</dcvalue>
  <dcvalue element="identifier" qualifier="doi" language="en">10.1089/jwh.2009.1856 ER</dcvalue>
  <dcvalue element="date" qualifier="issued">2010</dcvalue>
</dublin_core>
