<reference>
<rt>Journal Article</rt>
<sr> Electronic(1)</sr>
<id>52</id>
<a1>Wuest,J.</a1>
<a1>Ford-Gilboe,M.</a1>
<a1>Merritt-Gray,M.</a1>
<a1>Wilk,P.</a1>
<a1>Campbell,J. C.</a1>
<a1>Lent,B.</a1>
<a1>Varcoe,C.</a1>
<a1>Smye,V.</a1>
<t1>Pathways of Chronic Pain in Survivors of Intimate Partner Violence</t1>
<jf>Journal of Womens Health</jf>
<yr>2010</yr>
<vo>19</vo>
<is>9</is>
<sp>1665</sp>
<op>1674</op>
<ab>Objective: To examine the roles of lifetime abuse-related injury, posttraumatic stress disorder (PTSD) symptom severity, and depressive symptom severity in mediating the effects of severity of assaultive intimate partner violence (IPV), psychological IPV, and child abuse on chronic pain severity in women survivors of IPV. Methods: Structural equation modeling of data from a community sample of 309 women survivors of IPV was used to test partial and full theoretical models of the relationships among the variables of interest. Results: The full model had good fit and accounted for 40.2% of the variance in chronic pain severity. Abuse-related injury, PTSD symptom severity, and depressive symptom severity significantly mediated the relationship between child abuse severity and chronic pain severity, but only abuse-related injury significantly mediated the relationship between assaultive IPV severity and chronic pain severity. Psychological IPV severity was the only abuse variable with significant direct effects on chronic pain severity but had no significant indirect effects. Conclusions: These findings can inform clinical care of women with chronic pain in all areas of healthcare delivery by reinforcing the importance of assessing for a history of child abuse and IPV. Moreover, they highlight the relevance of routinely assessing for abuse-related injury and PTSD and depressive symptom severity when working with women who report chronic pain.</ab>
<no>PT: J; TC: 0; UT: WOS:000281510300010</no>
<sn>1540-9996</sn>
<do>10.1089/jwh.2009.1856 ER</do>
<ol>Unknown(0)</ol></reference>