<?xml version="1.0" encoding="ISO-8859-1" ?>
<!DOCTYPE romeoapi SYSTEM "http://www.sherpa.ac.uk/romeo/romeoapi24.dtd">
<romeoapi version="2.4.2">
  <header>
    <parameters>
      <parameter source="specified">
        <parametername>issn</parametername>
        <parametervalue>1540-9996</parametervalue>
      </parameter>
      <parameter source="default">
        <parametername>showfunder</parametername>
        <parametervalue>none</parametervalue>
      </parameter>
      <parameter source="default">
        <parametername>fIDnum</parametername>
        <parametervalue>|</parametervalue>
      </parameter>
    </parameters>
    <numhits>1</numhits>
    <apicontrol>journal</apicontrol>
    <outcome>singleJournal</outcome>
    <message />
    <licence>SHERPA/RoMEO data is available for re-use under a Creative Commons Attribution-Non-Commercial-Share Alike 2.5 licence. For more details, please see the 'conditions for re-use' at the &lt;licenceurl /&gt;, and linked-to from the SHERPA/RoMEO home page.</licence>
    <licenceurl>http://www.sherpa.ac.uk/romeoreuse.html</licenceurl>
    <disclaimer>All SHERPA/RoMEO information is correct to the best of our knowledge but should not be relied upon for legal advice. SHERPA cannot be held responsible for the re-use of RoMEO data, or for alternative interpretations which are derived from this information.</disclaimer>
    <timestamp>24-Jan-2011:19:47:49</timestamp>
  </header>
  <journals>
    <journal>
      <jtitle>Journal of Womens Health -New York-</jtitle>
      <issn>1540-9996</issn>
      <zetocpub>Mary Ann Liebert, Inc.</zetocpub>
      <romeopub>Mary Ann Liebert</romeopub>
    </journal>
  </journals>
  <publishers>
    <publisher id="50">
      <name>Mary Ann Liebert</name>
      <alias />
      <homeurl>http://www.liebertpub.com/</homeurl>
      <preprints>
        <prearchiving>cannot</prearchiving>
        <prerestrictions />
      </preprints>
      <postprints>
        <postarchiving>can</postarchiving>
        <postrestrictions />
      </postprints>
      <conditions>
        <condition>Author's final version or publisher's version/PDF</condition>
        <condition>Publisher's version/PDF may be used</condition>
        <condition>On own website, institution's intranet, or institutional repository</condition>
        <condition>Authors may deposit in funding agency designated repository after 12 months</condition>
        <condition>Set statement to accompany deposit (see policy)</condition>
        <condition>Publisher copyright and source must be acknowledged</condition>
        <condition>NIH authors will have their final paper, (post peer review, copy-editing and proof-reading) deposited in PubMed Central on their behalf</condition>
      </conditions>
      <mandates />
      <paidaccess>
        <paidaccessurl>http://www.liebertpub.com/Mcontent/files/OpenOptionForAuthors.pdf</paidaccessurl>
        <paidaccessname>Liebert Open Option</paidaccessname>
        <paidaccessnotes />
      </paidaccess>
      <copyrightlinks>
        <copyrightlink>
          <copyrightlinktext>Transfer of Copyright</copyrightlinktext>
          <copyrightlinkurl>http://www.liebertpub.com/media/content/transfer_of_copyright.pdf</copyrightlinkurl>
        </copyrightlink>
        <copyrightlink>
          <copyrightlinktext>Self-archiving Policy example</copyrightlinktext>
          <copyrightlinkurl>http://www.liebertpub.com/products/SelfArchivingPolicy.aspx?pid=42</copyrightlinkurl>
        </copyrightlink>
      </copyrightlinks>
      <romeocolour>blue</romeocolour>
      <dateadded>2004-01-10 00:00:00</dateadded>
      <dateupdated>2010-11-19 16:01:57</dateupdated>
    </publisher>
  </publishers>
</romeoapi>
