<reference>
<rt>Journal Article</rt>
<sr> Electronic(1)</sr>
<id>53</id>
<a1>MacIntosh,J.</a1>
<a1>Wuest,J.</a1>
<a1>Gray,M. M.</a1>
<a1>Aldous,S.</a1>
<t1>Effects of Workplace Bullying on How Women Work</t1>
<jf>Western journal of nursing research</jf>
<jo>West.J.Nurs.Res.</jo>
<yr>2010</yr>
<vo>32</vo>
<is>7</is>
<sp>910</sp>
<op>931</op>
<ab>Work is central to well-being but working is problematic when people experience workplace bullying, which includes psychological, physical, and sexual abuse or harassment. The purpose of the present grounded theory study was to extend current understanding, from the perspective of women, of how workplace bullying affects their work and how they engage in the workforce. The study was conducted in eastern Canada with 36 English-speaking women who had been bullied in the workplace. They reported mainly psychological bullying. The central problem for women is they cannot continue working as they had before the workplace bullying. The authors named a four-stage process of how women address this problem as &amp;quot;Doing Work Differently.&amp;quot; The four stages are Being Conciliatory, Reconsidering, Reducing Interference, and Redeveloping Balance. The process is influenced by women&amp;#39;s support systems, the effects on their health, and financial circumstances. There are implications for public education, workplace policies, and health care workers.</ab>
<no>PT: J; TC: 0; UT: WOS:000282370300005</no>
<sn>0193-9459</sn>
<do>10.1177/0193945910362226 ER</do>
<ol>Unknown(0)</ol></reference>