<?xml version="1.0" encoding="utf-8" standalone="no"?>
<dublin_core schema="dc">
  <dcvalue element="creator" qualifier="none" language="en">Bruccoleri, C.</dcvalue>
  <dcvalue element="creator" qualifier="none" language="en">Lund, D.</dcvalue>
  <dcvalue element="creator" qualifier="none" language="en">Anderson, K.</dcvalue>
  <dcvalue element="identifier" qualifier="none" language="en"></dcvalue>
  <dcvalue element="identifier" qualifier="uri">http://etcdev.hil.unb.ca:8080/xmlui/handle/123456789/677</dcvalue>
  <dcvalue element="language" qualifier="none" language="en"></dcvalue>
  <dcvalue element="publisher" qualifier="none" language="en">Canadian Association of Principals</dcvalue>
  <dcvalue element="source" qualifier="none" language="en">CAP Journal</dcvalue>
  <dcvalue element="title" qualifier="none" language="en">The Emancipatory Principal: A Force for Social Justice</dcvalue>
  <dcvalue element="type" qualifier="none" language="en">Journal Article</dcvalue>
  <dcvalue element="date" qualifier="issued">2009</dcvalue>
</dublin_core>
