<reference>
        <rt>Journal Article</rt>
        <sr> Electronic(1)</sr>
        <id>7</id>
        <a1>Bruccoleri, C.</a1>
        <a1>Lund, D.</a1>
        <a1>Anderson, K.</a1>
        <t1>The Emancipatory Principal: A Force for Social Justice</t1>
        <jf>CAP Journal</jf>
        <yr>2009</yr>
        <vo/>
        <is/>
        <sp>21</sp>
        <op>23</op>
        <no/>
        <pb>Canadian Association of Principals</pb>
        <la>English</la>
        <do/>
        <lk>http://www.cdnprincipals.org/cap-journal.php</lk>
        <ds/>
        <ol/>
    </reference>