<?xml version="1.0" encoding="utf-8" standalone="no"?>
<dublin_core schema="dc">
  <dcvalue element="contributor" qualifier="author" language="en">MacIntosh,J.</dcvalue>
  <dcvalue element="contributor" qualifier="author" language="en">Wuest,J.</dcvalue>
  <dcvalue element="contributor" qualifier="author" language="en">Gray,M. M.</dcvalue>
  <dcvalue element="contributor" qualifier="author" language="en">Cronkhite,M.</dcvalue>
  <dcvalue element="identifier" qualifier="issn" language="en">1049-7323</dcvalue>
  <dcvalue element="identifier" qualifier="uri">http://etcdev.hil.unb.ca:8080/xmlui/handle/123456789/918</dcvalue>
  <dcvalue element="description" qualifier="abstract" language="en">Our purpose in this grounded theory study was to explore the impact of workplace bullying (WPB) on women working in health care. We analyzed interviews with 21 women, professionals and nonprofessionals. The women experienced a change in their meaning of work (MOW) when they had experienced WPB, and they addressed this change through a process we called the shifting meaning of work. This process has three stages. The first, developing insight, involves recognizing causes of changed MOW as external. In the second stage, resisting, women defend against changed MOW by sustaining acceptable MOW and work performances, and by confronting causes. In the final stage, rebuilding, women try to adapt and modify approaches to work by coming to terms, adjusting work attitudes, and investing in self. We identified implications of this process for managing health and work issues with women, health care providers, and employers.</dcvalue>
  <dcvalue element="relation" qualifier="ispartof" language="en">Qualitative health research</dcvalue>
  <dcvalue element="relation" qualifier="ispartof" language="en">Qual.Health Res.</dcvalue>
  <dcvalue element="title" qualifier="none" language="en">Workplace Bullying in Health Care Affects the Meaning of Work</dcvalue>
  <dcvalue element="type" qualifier="none" language="en">Journal Article</dcvalue>
  <dcvalue element="identifier" qualifier="doi" language="en">10.1177/1049732310369804 ER</dcvalue>
  <dcvalue element="date" qualifier="issued">2010</dcvalue>
</dublin_core>
