<?xml version="1.0" encoding="ISO-8859-1" ?>
<!DOCTYPE romeoapi SYSTEM "http://www.sherpa.ac.uk/romeo/romeoapi24.dtd">
<romeoapi version="2.4.2">
  <header>
    <parameters>
      <parameter source="specified">
        <parametername>issn</parametername>
        <parametervalue>0309-2402</parametervalue>
      </parameter>
      <parameter source="default">
        <parametername>showfunder</parametername>
        <parametervalue>none</parametervalue>
      </parameter>
      <parameter source="default">
        <parametername>fIDnum</parametername>
        <parametervalue>|</parametervalue>
      </parameter>
    </parameters>
    <numhits>1</numhits>
    <apicontrol>journal</apicontrol>
    <outcome>singleJournal</outcome>
    <message />
    <licence>SHERPA/RoMEO data is available for re-use under a Creative Commons Attribution-Non-Commercial-Share Alike 2.5 licence. For more details, please see the 'conditions for re-use' at the &lt;licenceurl /&gt;, and linked-to from the SHERPA/RoMEO home page.</licence>
    <licenceurl>http://www.sherpa.ac.uk/romeoreuse.html</licenceurl>
    <disclaimer>All SHERPA/RoMEO information is correct to the best of our knowledge but should not be relied upon for legal advice. SHERPA cannot be held responsible for the re-use of RoMEO data, or for alternative interpretations which are derived from this information.</disclaimer>
    <timestamp>24-Jan-2011:19:47:11</timestamp>
  </header>
  <journals>
    <journal>
      <jtitle>Journal of Advanced Nursing</jtitle>
      <issn>0309-2402</issn>
      <zetocpub>Blackwell Publishing Ltd</zetocpub>
      <romeopub>Wiley-Blackwell</romeopub>
    </journal>
  </journals>
  <publishers>
    <publisher id="580">
      <name>Wiley-Blackwell</name>
      <alias />
      <homeurl>http://eu.wiley.com/WileyCDA/Brand/id-35.html</homeurl>
      <preprints>
        <prearchiving>can</prearchiving>
        <prerestrictions />
      </preprints>
      <postprints>
        <postarchiving>restricted</postarchiving>
        <postrestrictions>
          <postrestriction>If signed CTA, only allowed with written permission</postrestriction>
          <postrestriction>0-24 months depending on journal</postrestriction>
        </postrestrictions>
      </postprints>
      <conditions>
        <condition>Please see former John Wiley &amp; Sons and Blackwell Publishing policies for articles published prior to February 2007</condition>
        <condition>Self-archiving rights vary between journals, please check individual journal policies before depositing</condition>
        <condition>On author website, employers website/repository and on free public servers in subject area</condition>
        <condition>Publisher's version/PDF cannot be used</condition>
        <condition>Publisher source must be acknowledged with citation</condition>
        <condition>Must link to publisher version with set statement [The definitive version is available at www3.interscience.wiley.com]</condition>
      </conditions>
      <mandates />
      <paidaccess>
        <paidaccessurl>http://olabout.wiley.com/WileyCDA/Section/id-406241.html</paidaccessurl>
        <paidaccessname>Online Open</paidaccessname>
        <paidaccessnotes />
      </paidaccess>
      <copyrightlinks>
        <copyrightlink>
          <copyrightlinktext>Author Rights and Repositories</copyrightlinktext>
          <copyrightlinkurl>http://olabout.wiley.com/WileyCDA/Section/id-406074.html</copyrightlinkurl>
        </copyrightlink>
        <copyrightlink>
          <copyrightlinktext>Copyright FAQs</copyrightlinktext>
          <copyrightlinkurl>http://authorservices.wiley.com/bauthor/faqs_copyright.asp</copyrightlinkurl>
        </copyrightlink>
        <copyrightlink>
          <copyrightlinktext>Open Access Policy</copyrightlinktext>
          <copyrightlinkurl>http://olabout.wiley.com/WileyCDA/Section/id-406071.html</copyrightlinkurl>
        </copyrightlink>
        <copyrightlink>
          <copyrightlinktext>Funding Agency Policies</copyrightlinktext>
          <copyrightlinkurl>http://www.wiley.com/go/funderstatement</copyrightlinkurl>
        </copyrightlink>
        <copyrightlink>
          <copyrightlinktext>Example CTA</copyrightlinktext>
          <copyrightlinkurl>http://media.wiley.com/assets/1540/86/ctaaglobal.pdf</copyrightlinkurl>
        </copyrightlink>
      </copyrightlinks>
      <romeocolour>yellow</romeocolour>
      <dateadded>2009-03-16 14:14:48</dateadded>
      <dateupdated>2010-08-26 15:30:20</dateupdated>
    </publisher>
  </publishers>
</romeoapi>
