<?xml version="1.0" encoding="utf-8" standalone="no"?>
<dublin_core schema="dc">
  <dcvalue element="contributor" qualifier="author" language="en">Weaver,K.</dcvalue>
  <dcvalue element="contributor" qualifier="author" language="en">Wuest,J.</dcvalue>
  <dcvalue element="contributor" qualifier="author" language="en">Ciliska,D.</dcvalue>
  <dcvalue element="identifier" qualifier="issn" language="en">1049-7323</dcvalue>
  <dcvalue element="identifier" qualifier="uri">http://etcdev.hil.unb.ca:8080/xmlui/handle/123456789/922</dcvalue>
  <dcvalue element="description" qualifier="abstract" language="en">Previous studies of recovery from anorexia nervosa (AN) have concentrated on discrete behavioral responses of individual women. Little is understood about the subjective process Of women&amp;#39;s recovery in the context of family, community, or society. In this feminist grounded theory study, the authors explored the perceptions of 12 women who considered themselves recovered or recovering from AN. They discovered a substantive theory of self-development that explains, within the current social context, women&amp;#39;s journey from the perilous self-soothing of devastating weight loss to the informed self-care of healthy eating and problem-solving practices. The findings provide an urgently needed explanatory framework to inform women, clinicians, and health policy makers in their prevention and recovery efforts.</dcvalue>
  <dcvalue element="relation" qualifier="ispartof" language="en">Qualitative health research</dcvalue>
  <dcvalue element="relation" qualifier="ispartof" language="en">Qual.Health Res.</dcvalue>
  <dcvalue element="title" qualifier="none" language="en">Understanding women&amp;#39;s journey of recovering from anorexia nervosa</dcvalue>
  <dcvalue element="type" qualifier="none" language="en">Journal Article</dcvalue>
  <dcvalue element="identifier" qualifier="doi" language="en">10.1177/1049732304270819 ER</dcvalue>
  <dcvalue element="date" qualifier="issued">2005</dcvalue>
</dublin_core>
