<reference>
<rt>Journal Article</rt>
<sr> Electronic(1)</sr>
<id>65</id>
<a1>Weaver,K.</a1>
<a1>Wuest,J.</a1>
<a1>Ciliska,D.</a1>
<t1>Understanding women&amp;#39;s journey of recovering from anorexia nervosa</t1>
<jf>Qualitative health research</jf>
<jo>Qual.Health Res.</jo>
<yr>2005</yr>
<vo>15</vo>
<is>2</is>
<sp>188</sp>
<op>206</op>
<ab>Previous studies of recovery from anorexia nervosa (AN) have concentrated on discrete behavioral responses of individual women. Little is understood about the subjective process Of women&amp;#39;s recovery in the context of family, community, or society. In this feminist grounded theory study, the authors explored the perceptions of 12 women who considered themselves recovered or recovering from AN. They discovered a substantive theory of self-development that explains, within the current social context, women&amp;#39;s journey from the perilous self-soothing of devastating weight loss to the informed self-care of healthy eating and problem-solving practices. The findings provide an urgently needed explanatory framework to inform women, clinicians, and health policy makers in their prevention and recovery efforts.</ab>
<no>PT: J; TC: 11; UT: WOS:000226368200004</no>
<sn>1049-7323</sn>
<do>10.1177/1049732304270819 ER</do>
<ol>Unknown(0)</ol></reference>