<?xml version="1.0" encoding="utf-8" standalone="no"?>
<dublin_core schema="dc">
  <dcvalue element="creator" qualifier="none" language="en">Anderson, Kirk</dcvalue>
  <dcvalue element="identifier" qualifier="none" language="en">http://dx.doi.org/10.1504/IJMIE.2008.018388</dcvalue>
  <dcvalue element="identifier" qualifier="uri">http://etcdev.hil.unb.ca:8080/xmlui/handle/123456789/676</dcvalue>
  <dcvalue element="description" qualifier="abstract" language="en">Using transformational leadership dimensions (Leithwood et al., 1997; Leithwood et al., 1999) to examine the influence of the teacher leaders in rural schools, the author makes the argument that the focus on the principal as the primary source of transformational leadership may be misplaced. If researchers focus on the teachers as leaders outside the traditional leadership roles, such as the relatively formal role-free rural school setting, there exists a promising area of new understanding for educational leadership. Such research can help decenter the principal as the focus of transformational leadership and identify an understudied area important to school improvement and change, notably, the ability of some teacher leaders to be transformational or, more optimistically, to be transformational teacher leaders.</dcvalue>
  <dcvalue element="language" qualifier="none" language="en"></dcvalue>
  <dcvalue element="publisher" qualifier="none" language="en">InderScience</dcvalue>
  <dcvalue element="source" qualifier="none" language="en">International Journal of Management in Education</dcvalue>
  <dcvalue element="title" qualifier="none" language="en">Transformational teacher leadership: decentring the search for transformational leadership</dcvalue>
  <dcvalue element="type" qualifier="none" language="en">Journal Article</dcvalue>
  <dcvalue element="date" qualifier="issued">2008</dcvalue>
</dublin_core>
