<reference>
        <rt>Journal Article</rt>
        <sr> Electronic(1)</sr>
        <id/>
        <a1>Anderson, Kirk</a1>
        <t1>Transformational teacher leadership: decentring the search for transformational leadership</t1>
        <jf>International Journal of Management in Education</jf>
        <yr>2008</yr>
        <vo>2</vo>
        <is>2</is>
        <sp>109</sp>
        <op>123</op>
        <no/>
        <ab>Using transformational leadership dimensions (Leithwood et al., 1997; Leithwood et al., 1999) to examine the influence of the teacher leaders in rural schools, the author makes the argument that the focus on the principal as the primary source of transformational leadership may be misplaced. If researchers focus on the teachers as leaders outside the traditional leadership roles, such as the relatively formal role-free rural school setting, there exists a promising area of new understanding for educational leadership. Such research can help decenter the principal as the focus of transformational leadership and identify an understudied area important to school improvement and change, notably, the ability of some teacher leaders to be transformational or, more optimistically, to be transformational teacher leaders.</ab>
        <pb>InderScience</pb>
        <la>English</la>
        <do>10.1504/IJMIE.2008.018388</do>
        <lk>http://www.inderscience.com/search/index.php?action=record&amp;rec_id=18388&amp;prevQuery=&amp;ps=10&amp;m=or</lk>
        <ds/>
        <ol/>
    </reference>