<reference>
<rt>Journal Article</rt>
<sr> Electronic(1)</sr>
<id>62</id>
<a1>Wuest,J.</a1>
<a1>Varcoe,C.</a1>
<a1>Merritt-Gray,M.</a1>
<a1>Connors,A. J.</a1>
<a1>Lent,B.</a1>
<a1>Ford-Gilboe,M.</a1>
<t1>Patterns of medication use among women survivors of intimate partner violence</t1>
<jf>Canadian Journal of Public Health-Revue Canadienne De Sante Publique</jf>
<yr>2007</yr>
<vo>98</vo>
<is>6</is>
<sp>460</sp>
<op>464</op>
<ab>Objective: Our objective was to describe patterns of medication use in a convenience sample of 309 women with a history of intimate partner violence (IPV) participating in a study of women&amp;#39;s health after leaving an abusive partner (WHES). Methods: Using data collected through interviews and health assessments, frequencies of past-month use of medications; abuse experienced, health problems and medical diagnoses; and selected demographics were calculated. Associations among abuse history, employment status, health problems, diagnoses, and medications were explored. Comparisons of rates of medication use in women in the WHES and the Canadian Community Health Survey (CCHS) 2.1 were calculated. Findings: Almost half of participants were taking pain and/or psychotropic medications, with almost one third taking antidepressants. Child abuse history, adult sexual assault history and unemployment were associated with taking psychotropic medications. Overall rates of medication use were similar to those of Canadian women of similar age in the CCHS 2.1. However, women in the WHES were more likely to be taking antidepressants, anxiolytics and inhalants, and less likely to be taking oral contraceptives, over-the counter (OTC) pain relievers, and OTC cough and cold medications. Conclusion: The pattern of medication use in women who have experienced IPV differs from that in the general population. The complex associations found among health problems, employment, diagnoses, and medication use highlight the need to consider treatment patterns within the context of the impact of lifetime abuse, economic survival, and parenting demands. Medication use must be understood as only one of a range of health interventions available to assist abused women to promote their health.</ab>
<no>PT: J; TC: 5; UT: WOS:000251395400006</no>
<sn>0008-4263 ER</sn>
<ol>Unknown(0)</ol></reference>