<?xml version="1.0" encoding="utf-8" standalone="no"?>
<dublin_core schema="dc">
  <dcvalue element="creator" qualifier="none" language="en">Anderson,K. D.</dcvalue>
  <dcvalue element="identifier" qualifier="uri">http://etcdev.hil.unb.ca:8080/xmlui/handle/123456789/673</dcvalue>
  <dcvalue element="description" qualifier="abstract" language="en">In this paper the author explores the rural school context and its teacher leaders as a third transformational leadership prototype adding to Leithwood and Jantzi's (1999) two transformational leadership prototypes of females and new teachers in the elementary school. The author helps illuminate new understanding of rural schools and their highly interactive decision making styles where teacher leaders are a source of creativity development of unique forms of leadership. If researchers focus on teachers as leaders in rural schools, specifically those who operate outside of traditional leadership roles, there exists a promising area of new understanding for educational leadership as transformational teacher leadership. (Contains 2 tables.)</dcvalue>
  <dcvalue element="language" qualifier="none" language="en">Unknown(0)</dcvalue>
  <dcvalue element="publisher" qualifier="none" language="en">National Rural Education Association</dcvalue>
  <dcvalue element="source" qualifier="none" language="en">The Rural Educator.</dcvalue>
  <dcvalue element="title" qualifier="none" language="en">Transformational Teacher Leadership in Rural Schools</dcvalue>
  <dcvalue element="type" qualifier="none" language="en">Journal Article</dcvalue>
  <dcvalue element="date" qualifier="issued">2008</dcvalue>
</dublin_core>
