<reference>
        <rt>Journal Article</rt>
        <sr> Electronic(1)</sr>
        <id>45</id>
        <a1>Anderson,K. D.</a1>
        <t1>Transformational Teacher Leadership in Rural Schools</t1>
        <jf>The Rural Educator.</jf>
        <yr>2008</yr>
        <vo>29</vo>
        <is>3</is>
        <sp>8</sp>
        <op>17</op>
        <no>ID: 237174640</no>
        <ab>In this paper the author explores the rural school context and its teacher leaders as a third transformational leadership prototype adding to Leithwood and Jantzi's (1999) two transformational leadership prototypes of females and new teachers in the elementary school. The author helps illuminate new understanding of rural schools and their highly interactive decision making styles where teacher leaders are a source of creativity development of unique forms of leadership. If researchers focus on teachers as leaders in rural schools, specifically those who operate outside of traditional leadership roles, there exists a promising area of new understanding for educational leadership as transformational teacher leadership. (Contains 2 tables.)</ab>
        <pb>National Rural Education Association</pb>
        <pp>Las Vegas, NV</pp>
        <sn>0273-446X</sn>
        <la>English</la>
        <db>ERIC</db>
        <lk>http://www.ruraleducator.net/archive/29-3/29-3_Anderson.pdf</lk>
        <ol>Unknown(0)</ol>
    </reference>