<?xml version="1.0" encoding="ISO-8859-1" ?>
<!DOCTYPE romeoapi SYSTEM "http://www.sherpa.ac.uk/romeo/romeoapi24.dtd">
<romeoapi version="2.4.2">
  <header>
    <parameters>
      <parameter source="specified">
        <parametername>issn</parametername>
        <parametervalue>0273-446X</parametervalue>
      </parameter>
      <parameter source="default">
        <parametername>showfunder</parametername>
        <parametervalue>none</parametervalue>
      </parameter>
      <parameter source="default">
        <parametername>fIDnum</parametername>
        <parametervalue>|</parametervalue>
      </parameter>
    </parameters>
    <numhits>1</numhits>
    <apicontrol>journal</apicontrol>
    <outcome>uniqueZetoc</outcome>
    <message />
    <licence>SHERPA/RoMEO data is available for re-use under a Creative Commons Attribution-Non-Commercial-Share Alike 2.5 licence. For more details, please see the 'conditions for re-use' at the &lt;licenceurl /&gt;, and linked-to from the SHERPA/RoMEO home page.</licence>
    <licenceurl>http://www.sherpa.ac.uk/romeoreuse.html</licenceurl>
    <disclaimer>All SHERPA/RoMEO information is correct to the best of our knowledge but should not be relied upon for legal advice. SHERPA cannot be held responsible for the re-use of RoMEO data, or for alternative interpretations which are derived from this information.</disclaimer>
    <timestamp>09-Dec-2010:19:07:26</timestamp>
  </header>
  <journals>
    <journal>
      <jtitle>Rural Educator</jtitle>
      <issn>0273-446X</issn>
      <zetocpub>National Rural Education Association</zetocpub>
      <romeopub />
    </journal>
  </journals>
  <publishers />
</romeoapi>
