<?xml version="1.0" encoding="utf-8" standalone="no"?>
<dublin_core schema="dc">
  <dcvalue element="contributor" qualifier="author" language="en">Wuest,J.</dcvalue>
  <dcvalue element="contributor" qualifier="author" language="en">Merritt-Gray,M.</dcvalue>
  <dcvalue element="identifier" qualifier="issn" language="en">0885-7482</dcvalue>
  <dcvalue element="identifier" qualifier="uri">http://etcdev.hil.unb.ca:8080/xmlui/handle/123456789/930</dcvalue>
  <dcvalue element="description" qualifier="abstract" language="en">Our theoretical understanding of abusive intimate partner relationships has ignored relationships that have become non-violent. We interviewed a community convenience sample of 27 women whose relationships had become non-violent. Using the constant comparative analysis of grounded theory, we generated a substantive theory, shifting the pattern of abusive control with three sub-processes, counteracting abuse, taking control, and living differently. Women&amp;#39;s acquisition of personal capacity and autonomy was foundational to countering the insidious oppression of abuse. Partners in these relationships that became non-violent, paid attention, gradually backing off and ceasing violent acts. For some women, coexisting in a violence-free relationship was satisfactory; for others, investing in an improved intimate partner relationship was essential for sustaining living differently. This theory provides direction for women who are working toward living differently with partners who are no longer violent, and for their helpers. Further, our findings contribute to our theoretical understanding of how abusive couple relationships may evolve over time.</dcvalue>
  <dcvalue element="relation" qualifier="ispartof" language="en">Journal of Family Violence</dcvalue>
  <dcvalue element="relation" qualifier="ispartof" language="en">J.Fam.Violence</dcvalue>
  <dcvalue element="title" qualifier="none" language="en">A theoretical understanding of abusive intimate partner relationships that become non-violent: Shifting the pattern of abusive control</dcvalue>
  <dcvalue element="type" qualifier="none" language="en">Journal Article</dcvalue>
  <dcvalue element="identifier" qualifier="doi" language="en">10.1007/s10896-008-9155-x ER</dcvalue>
  <dcvalue element="date" qualifier="issued">2008</dcvalue>
</dublin_core>
