<?xml version="1.0" encoding="ISO-8859-1" ?>
<!DOCTYPE romeoapi SYSTEM "http://www.sherpa.ac.uk/romeo/romeoapi24.dtd">
<romeoapi version="2.4.2">
  <header>
    <parameters>
      <parameter source="specified">
        <parametername>issn</parametername>
        <parametervalue>0885-7482</parametervalue>
      </parameter>
      <parameter source="default">
        <parametername>showfunder</parametername>
        <parametervalue>none</parametervalue>
      </parameter>
      <parameter source="default">
        <parametername>fIDnum</parametername>
        <parametervalue>|</parametervalue>
      </parameter>
    </parameters>
    <numhits>1</numhits>
    <apicontrol>journal</apicontrol>
    <outcome>singleJournal</outcome>
    <message />
    <licence>SHERPA/RoMEO data is available for re-use under a Creative Commons Attribution-Non-Commercial-Share Alike 2.5 licence. For more details, please see the 'conditions for re-use' at the &lt;licenceurl /&gt;, and linked-to from the SHERPA/RoMEO home page.</licence>
    <licenceurl>http://www.sherpa.ac.uk/romeoreuse.html</licenceurl>
    <disclaimer>All SHERPA/RoMEO information is correct to the best of our knowledge but should not be relied upon for legal advice. SHERPA cannot be held responsible for the re-use of RoMEO data, or for alternative interpretations which are derived from this information.</disclaimer>
    <timestamp>24-Jan-2011:19:48:12</timestamp>
  </header>
  <journals>
    <journal>
      <jtitle>Journal of Family Violence</jtitle>
      <issn>0885-7482</issn>
      <zetocpub>Springer Science   Business Media</zetocpub>
      <romeopub>Springer Verlag</romeopub>
    </journal>
  </journals>
  <publishers>
    <publisher id="74">
      <name>Springer Verlag</name>
      <alias>Germany</alias>
      <homeurl>http://www.springerlink.com/</homeurl>
      <preprints>
        <prearchiving>can</prearchiving>
        <prerestrictions />
      </preprints>
      <postprints>
        <postarchiving>can</postarchiving>
        <postrestrictions />
      </postprints>
      <conditions>
        <condition>Authors own final version only can be archived</condition>
        <condition>Publisher's version/PDF cannot be used</condition>
        <condition>On author's website or institutional repository</condition>
        <condition>On funders designated website/repository after 12 months at the funders request or as a result of legal obligation</condition>
        <condition>Published source must be acknowledged</condition>
        <condition>Must link to publisher version</condition>
        <condition>Set phrase to accompany link to published version (The original publication is available at www.springerlink.com)</condition>
        <condition>Articles in some journals can be made Open Access on payment of additional charge</condition>
      </conditions>
      <mandates />
      <paidaccess>
        <paidaccessurl>http://www.springer.com/open+access/open+choice?SGWID=0-40359-0-0-0</paidaccessurl>
        <paidaccessname>Open Choice</paidaccessname>
        <paidaccessnotes />
      </paidaccess>
      <copyrightlinks>
        <copyrightlink>
          <copyrightlinktext>example copyright transfer statement</copyrightlinktext>
          <copyrightlinkurl>http://www.springer.com/?SGWID=3-102-45-69724-0</copyrightlinkurl>
        </copyrightlink>
        <copyrightlink>
          <copyrightlinktext>NIH Policy</copyrightlinktext>
          <copyrightlinkurl>http://www.springer.com/open+access?SGWID=0-169302-12-467999-0</copyrightlinkurl>
        </copyrightlink>
        <copyrightlink>
          <copyrightlinktext>Self-archiving Policy</copyrightlinktext>
          <copyrightlinkurl>http://www.springer.com/open+access/authors+rights?SGWID=0-176704-12-683201-0</copyrightlinkurl>
        </copyrightlink>
      </copyrightlinks>
      <romeocolour>green</romeocolour>
      <dateadded>2004-01-10 00:00:00</dateadded>
      <dateupdated>2010-11-25 13:08:50</dateupdated>
    </publisher>
  </publishers>
</romeoapi>
