<?xml version="1.0" encoding="utf-8" standalone="no"?>
<dublin_core schema="dc">
  <dcvalue element="contributor" qualifier="author" language="en">Wuest,J.</dcvalue>
  <dcvalue element="contributor" qualifier="author" language="en">Ford-Gilboe,M.</dcvalue>
  <dcvalue element="contributor" qualifier="author" language="en">Merritt-Gray,M.</dcvalue>
  <dcvalue element="contributor" qualifier="author" language="en">Berman,H.</dcvalue>
  <dcvalue element="identifier" qualifier="issn" language="en">1049-7323</dcvalue>
  <dcvalue element="identifier" qualifier="uri">http://etcdev.hil.unb.ca:8080/xmlui/handle/123456789/925</dcvalue>
  <dcvalue element="description" qualifier="abstract" language="en">Like other single-parent families, those consisting of mothers and their children who leave abusive partners/fathers are broadly viewed as deficient, high-risk structures in which children are susceptible to multiple problems. The mechanisms of strength and vulnerability in these families are poorly understood, and, consequently, their health promotion processes remain virtually unexplored. In a feminist grounded theory study of health promotion processes of single-parent families after leaving abusive partners/fathers, the authors discovered intrusion to be the basic social problem as families strive to promote health in the aftermath of abuse. The authors discuss the complex nature of intrusion, demonstrating how health is socially determined, and the challenges of health promotion in terms of the issues and dilemmas faced by study families and consider implications for health promotion knowledge and practice.</dcvalue>
  <dcvalue element="relation" qualifier="ispartof" language="en">Qualitative health research</dcvalue>
  <dcvalue element="relation" qualifier="ispartof" language="en">Qual.Health Res.</dcvalue>
  <dcvalue element="title" qualifier="none" language="en">Intrusion: The central problem for family health promotion among children and single mothers after leaving an abusive partner</dcvalue>
  <dcvalue element="type" qualifier="none" language="en">Journal Article</dcvalue>
  <dcvalue element="identifier" qualifier="doi" language="en">10.1177/1049732303251231 ER</dcvalue>
  <dcvalue element="date" qualifier="issued">2003</dcvalue>
</dublin_core>
