<?xml version="1.0" encoding="utf-8" standalone="no"?>
<dublin_core schema="dc">
  <dcvalue element="contributor" qualifier="author" language="en">Hasler,J.</dcvalue>
  <dcvalue element="contributor" qualifier="author" language="en">Wuest,J.</dcvalue>
  <dcvalue element="contributor" qualifier="author" language="en">Gaspar,T.</dcvalue>
  <dcvalue element="contributor" qualifier="author" language="en">Crevecoeur,M.</dcvalue>
  <dcvalue element="identifier" qualifier="issn" language="en">0248-4900</dcvalue>
  <dcvalue element="identifier" qualifier="uri">http://etcdev.hil.unb.ca:8080/xmlui/handle/123456789/916</dcvalue>
  <dcvalue element="description" qualifier="abstract" language="en">Cells from a green normal (dependent on exogenous hormones) callus and from an achlorophyllous fully habituated (independent from exogenous hormones) callus, both generated from the same sugarbeet strain more than twenty years ago, were reexamined cytologically, ten years after the first comparative description. Cells from the habituated callus, already considered as neoplastic cells, because terminating a neoplastic progression where the organogenic totipotency was lost, still showed nuclear invaginations, polynucleolation, vacuolation of nucleoli and incomplete cell walls, nevertheless at a higher degree. The present study particularly shows that, compared to their previous description, normal cells have started to acquire some features (polynucleolation, nuclear invaginations...) that are typical of the neoplastic cells. This suggests that normal cells, on the long term, also entered a neoplastic progression, which should explain the known progressive loss of regeneration capacity of too long subcultured hormone-dependent calli. (C) 2003 Editions scientifiques et medicales Elsevier SAS. All rights reserved.</dcvalue>
  <dcvalue element="relation" qualifier="ispartof" language="en">Biology of the Cell</dcvalue>
  <dcvalue element="title" qualifier="none" language="en">Long term in vitro-cultured plant cells show typical neoplastic features at the cytological level</dcvalue>
  <dcvalue element="type" qualifier="none" language="en">Journal Article</dcvalue>
  <dcvalue element="identifier" qualifier="doi" language="en">10.1016/S0248-4900(03)00077-7 ER</dcvalue>
  <dcvalue element="date" qualifier="issued">2003</dcvalue>
</dublin_core>
