<reference>
<rt>Journal Article</rt>
<sr> Electronic(1)</sr>
<id>67</id>
<a1>Hasler,J.</a1>
<a1>Wuest,J.</a1>
<a1>Gaspar,T.</a1>
<a1>Crevecoeur,M.</a1>
<t1>Long term in vitro-cultured plant cells show typical neoplastic features at the cytological level</t1>
<jf>Biology of the Cell</jf>
<yr>2003</yr>
<vo>95</vo>
<is>6</is>
<sp>357</sp>
<op>364</op>
<ab>Cells from a green normal (dependent on exogenous hormones) callus and from an achlorophyllous fully habituated (independent from exogenous hormones) callus, both generated from the same sugarbeet strain more than twenty years ago, were reexamined cytologically, ten years after the first comparative description. Cells from the habituated callus, already considered as neoplastic cells, because terminating a neoplastic progression where the organogenic totipotency was lost, still showed nuclear invaginations, polynucleolation, vacuolation of nucleoli and incomplete cell walls, nevertheless at a higher degree. The present study particularly shows that, compared to their previous description, normal cells have started to acquire some features (polynucleolation, nuclear invaginations...) that are typical of the neoplastic cells. This suggests that normal cells, on the long term, also entered a neoplastic progression, which should explain the known progressive loss of regeneration capacity of too long subcultured hormone-dependent calli. (C) 2003 Editions scientifiques et medicales Elsevier SAS. All rights reserved.</ab>
<no>PT: J; TC: 6; UT: WOS:000186040000004</no>
<sn>0248-4900</sn>
<do>10.1016/S0248-4900(03)00077-7 ER</do>
<ol>Unknown(0)</ol></reference>