<?xml version="1.0" encoding="ISO-8859-1" ?>
<!DOCTYPE romeoapi SYSTEM "http://www.sherpa.ac.uk/romeo/romeoapi24.dtd">
<romeoapi version="2.4.2">
  <header>
    <parameters>
      <parameter source="specified">
        <parametername>issn</parametername>
        <parametervalue>0248-4900</parametervalue>
      </parameter>
      <parameter source="default">
        <parametername>showfunder</parametername>
        <parametervalue>none</parametervalue>
      </parameter>
      <parameter source="default">
        <parametername>fIDnum</parametername>
        <parametervalue>|</parametervalue>
      </parameter>
    </parameters>
    <numhits>1</numhits>
    <apicontrol>journal</apicontrol>
    <outcome>singleJournal</outcome>
    <message />
    <licence>SHERPA/RoMEO data is available for re-use under a Creative Commons Attribution-Non-Commercial-Share Alike 2.5 licence. For more details, please see the 'conditions for re-use' at the &lt;licenceurl /&gt;, and linked-to from the SHERPA/RoMEO home page.</licence>
    <licenceurl>http://www.sherpa.ac.uk/romeoreuse.html</licenceurl>
    <disclaimer>All SHERPA/RoMEO information is correct to the best of our knowledge but should not be relied upon for legal advice. SHERPA cannot be held responsible for the re-use of RoMEO data, or for alternative interpretations which are derived from this information.</disclaimer>
    <timestamp>24-Jan-2011:19:46:39</timestamp>
  </header>
  <journals>
    <journal>
      <jtitle>Biology of the Cell</jtitle>
      <issn>0248-4900</issn>
      <zetocpub>Portland Press</zetocpub>
      <romeopub>Portland Press</romeopub>
    </journal>
  </journals>
  <publishers>
    <publisher id="57">
      <name>Portland Press</name>
      <alias />
      <homeurl>http://www.portlandpress.com/</homeurl>
      <preprints>
        <prearchiving>cannot</prearchiving>
        <prerestrictions />
      </preprints>
      <postprints>
        <postarchiving>restricted</postarchiving>
        <postrestrictions>
          <postrestriction>&lt;num&gt;6&lt;/num&gt; or &lt;num&gt;12&lt;/num&gt; &lt;period units=&quot;month&quot;&gt;months&lt;/period&gt; embargo</postrestriction>
        </postrestrictions>
      </postprints>
      <conditions>
        <condition>On author's personal web site or institutional repository</condition>
        <condition>Or in PubMed Central for release after 12 months - this does not include BST authors</condition>
        <condition>Must link to journal website</condition>
        <condition>Published source must be acknowledged ('The final version of record is available at [insert Journals URL]')</condition>
        <condition>Publisher's version/PDF may be used upon payment of Opt2Pay fee only</condition>
      </conditions>
      <mandates />
      <paidaccess>
        <paidaccessurl>http://www.biochemist.org/bio/03001/0041/030010041.pdf</paidaccessurl>
        <paidaccessname>Opt2Pay</paidaccessname>
        <paidaccessnotes />
      </paidaccess>
      <copyrightlinks>
        <copyrightlink>
          <copyrightlinktext>General policy</copyrightlinktext>
          <copyrightlinkurl>http://www.portlandpress.com/pp/faq.htm</copyrightlinkurl>
        </copyrightlink>
        <copyrightlink>
          <copyrightlinktext>BAB policy</copyrightlinktext>
          <copyrightlinkurl>http://www.babonline.org/bab/babia.htm#copy</copyrightlinkurl>
        </copyrightlink>
      </copyrightlinks>
      <romeocolour>white</romeocolour>
      <dateadded>2004-01-10 00:00:00</dateadded>
      <dateupdated>2010-10-15 10:14:48</dateupdated>
    </publisher>
  </publishers>
</romeoapi>
