<?xml version="1.0" encoding="utf-8" standalone="no"?>
<dublin_core schema="dc">
  <dcvalue element="contributor" qualifier="author" language="en">Wuest,J.</dcvalue>
  <dcvalue element="contributor" qualifier="author" language="en">Merritt-Gray,M.</dcvalue>
  <dcvalue element="contributor" qualifier="author" language="en">Ford-Gilboe,M.</dcvalue>
  <dcvalue element="contributor" qualifier="author" language="en">Lent,B.</dcvalue>
  <dcvalue element="contributor" qualifier="author" language="en">Varcoe,C.</dcvalue>
  <dcvalue element="contributor" qualifier="author" language="en">Campbell,J. C.</dcvalue>
  <dcvalue element="identifier" qualifier="issn" language="en">1526-5900</dcvalue>
  <dcvalue element="identifier" qualifier="uri">http://etcdev.hil.unb.ca:8080/xmlui/handle/123456789/932</dcvalue>
  <dcvalue element="description" qualifier="abstract" language="en">In this descriptive study of chronic pain in a community sample of 292 women who had separated from their abusive partners on average 20 months previously, more than one-third experienced high disability pain as measured by Von Korff&amp;#39;s Chronic Pain Grade. Beyond the usual pain locations associated with abuse, 43.2% reported swollen/painful joints. More interference in daily life was attributed to joint pain than to back, head, stomach, pelvic or bowel pain. Women with high disability pain were more likely to have experienced child abuse, adult sexual assault, more severe spousal abuse, lifetime abuse-related injuries, symptoms of depression and post-traumatic stress disorder, lifetime suicide attempts, difficulty sleeping, and unemployment. High disability pain also was associated with visits to a family doctor and psychiatrist and use of medication in more than prescribed dosages. Less than 25% of women with high disability pain were taking opioids, or prescription nonsteroidal anti-inflammatory medications. interestingly, high disability pain was not related to smoking, use of street drugs, potential for alcohol dependence, age, income, or education. The findings add to knowledge of severity and patterns of chronic pain in abused women and support the need for further multivariate analysis of the relationships among abuse experiences, mental health, and chronic pain severity to better inform decisions regarding diagnosis and treatment. Perspective: Understanding patterns of chronic pain in abuse survivors and their associations with abuse history, mental health symptoms, health service use, and medication is important for clinical assessment and intervention. Chronic pain persisted long after leaving abusive partners and extended beyond usual locations (back, headache, pelvic, gastrointestinal) to include swollen/painful joints. (C) 2008 by the American Pain Society</dcvalue>
  <dcvalue element="relation" qualifier="ispartof" language="en">Journal of Pain</dcvalue>
  <dcvalue element="title" qualifier="none" language="en">Chronic Pain in Women Survivors of Intimate Partner Violence</dcvalue>
  <dcvalue element="type" qualifier="none" language="en">Journal Article</dcvalue>
  <dcvalue element="identifier" qualifier="doi" language="en">10.1016/j.jpain.2008.06.009 ER</dcvalue>
  <dcvalue element="date" qualifier="issued">2008</dcvalue>
</dublin_core>
